"user_id","status_id","created_at","screen_name","text","source","display_text_width","reply_to_status_id","reply_to_user_id","reply_to_screen_name","is_quote","is_retweet","favorite_count","retweet_count","hashtags","symbols","urls_url","urls_t.co","urls_expanded_url","media_url","media_t.co","media_expanded_url","media_type","ext_media_url","ext_media_t.co","ext_media_expanded_url","ext_media_type","mentions_user_id","mentions_screen_name","lang","quoted_status_id","quoted_text","quoted_created_at","quoted_source","quoted_favorite_count","quoted_retweet_count","quoted_user_id","quoted_screen_name","quoted_name","quoted_followers_count","quoted_friends_count","quoted_statuses_count","quoted_location","quoted_description","quoted_verified","retweet_status_id","retweet_text","retweet_created_at","retweet_source","retweet_favorite_count","retweet_retweet_count","retweet_user_id","retweet_screen_name","retweet_name","retweet_followers_count","retweet_friends_count","retweet_statuses_count","retweet_location","retweet_description","retweet_verified","place_url","place_name","place_full_name","place_type","country","country_code","geo_coords","coords_coords","bbox_coords","status_url","name","location","description","url","protected","followers_count","friends_count","listed_count","statuses_count","favourites_count","account_created_at","verified","profile_url","profile_expanded_url","account_lang","profile_banner_url","profile_background_url","profile_image_url"
"25073877","1064734907941994497",2018-11-20 04:19:18,"realDonaldTrump","I hope the discovery and eventual recovery of the Argentine submarine San Juan brings needed closure to the wonderful families of those brave missing sailors. I look forward to hearing more from my friend President @MauricioMacri in Argentina later this month.","Twitter for iPhone",260,NA,NA,NA,FALSE,FALSE,71836,15019,NA,NA,NA,NA,NA,NA,NA,NA,NA,NA,NA,NA,NA,"24900072","mauriciomacri","en",NA,NA,NA,NA,NA,NA,NA,NA,NA,NA,NA,NA,NA,NA,NA,NA,NA,NA,NA,NA,NA,NA,NA,NA,NA,NA,NA,NA,NA,NA,NA,NA,NA,NA,NA,NA,"NA NA","NA NA","NA NA NA NA NA NA NA NA","https://twitter.com/realDonaldTrump/status/1064734907941994497","Donald J. Trump","Washington, DC","45th President of the United States of America<f0><U+009F><U+0087><U+00BA><f0><U+009F><U+0087><U+00B8>","https://t.co/OMxB0xp8tD",FALSE,55809710,46,96343,39721,7,2009-03-18 13:46:38,TRUE,"https://t.co/OMxB0xp8tD","http://www.Instagram.com/realDonaldTrump","en","https://pbs.twimg.com/profile_banners/25073877/1540264974","http://abs.twimg.com/images/themes/theme1/bg.png","http://pbs.twimg.com/profile_images/874276197357596672/kUuht00m_normal.jpg"
"25073877","1064596708875747328",2018-11-19 19:10:09,"realDonaldTrump","The Fake News is showing old footage of people climbing over our Ocean Area Fence. This is what it really looks like - no climbers anymore under our Administration! https://t.co/CD4ltRePML","Twitter for iPhone",164,NA,NA,NA,FALSE,FALSE,128844,40044,NA,NA,NA,NA,NA,"http://pbs.twimg.com/media/DsY1DvfWoAUobD0.jpg","https://t.co/CD4ltRePML","https://twitter.com/realDonaldTrump/status/1064596708875747328/photo/1","photo","http://pbs.twimg.com/media/DsY1DvfWoAUobD0.jpg","https://t.co/CD4ltRePML","https://twitter.com/realDonaldTrump/status/1064596708875747328/photo/1",NA,NA,NA,"en",NA,NA,NA,NA,NA,NA,NA,NA,NA,NA,NA,NA,NA,NA,NA,NA,NA,NA,NA,NA,NA,NA,NA,NA,NA,NA,NA,NA,NA,NA,NA,NA,NA,NA,NA,NA,"NA NA","NA NA","NA NA NA NA NA NA NA NA","https://twitter.com/realDonaldTrump/status/1064596708875747328","Donald J. Trump","Washington, DC","45th President of the United States of America<f0><U+009F><U+0087><U+00BA><f0><U+009F><U+0087><U+00B8>","https://t.co/OMxB0xp8tD",FALSE,55809710,46,96343,39721,7,2009-03-18 13:46:38,TRUE,"https://t.co/OMxB0xp8tD","http://www.Instagram.com/realDonaldTrump","en","https://pbs.twimg.com/profile_banners/25073877/1540264974","http://abs.twimg.com/images/themes/theme1/bg.png","http://pbs.twimg.com/profile_images/874276197357596672/kUuht00m_normal.jpg"
"25073877","1064544156960387072",2018-11-19 15:41:19,"realDonaldTrump","....We no longer pay Pakistan the $Billions because they would take our money and do nothing for us, Bin Laden being a prime example, Afghanistan being another. They were just one of many countries that take from the United States without giving anything in return. That’s ENDING!","Twitter for iPhone",280,NA,NA,NA,FALSE,FALSE,156509,38937,NA,NA,NA,NA,NA,NA,NA,NA,NA,NA,NA,NA,NA,NA,NA,"en",NA,NA,NA,NA,NA,NA,NA,NA,NA,NA,NA,NA,NA,NA,NA,NA,NA,NA,NA,NA,NA,NA,NA,NA,NA,NA,NA,NA,NA,NA,NA,NA,NA,NA,NA,NA,"NA NA","NA NA","NA NA NA NA NA NA NA NA","https://twitter.com/realDonaldTrump/status/1064544156960387072","Donald J. Trump","Washington, DC","45th President of the United States of America<f0><U+009F><U+0087><U+00BA><f0><U+009F><U+0087><U+00B8>","https://t.co/OMxB0xp8tD",FALSE,55809710,46,96343,39721,7,2009-03-18 13:46:38,TRUE,"https://t.co/OMxB0xp8tD","http://www.Instagram.com/realDonaldTrump","en","https://pbs.twimg.com/profile_banners/25073877/1540264974","http://abs.twimg.com/images/themes/theme1/bg.png","http://pbs.twimg.com/profile_images/874276197357596672/kUuht00m_normal.jpg"
"25073877","1064540462848098304",2018-11-19 15:26:39,"realDonaldTrump","Of course we should have captured Osama Bin Laden long before we did. I pointed him out in my book just BEFORE the attack on the World Trade Center. President Clinton famously missed his shot. We paid Pakistan Billions of Dollars &amp; they never told us he was living there. Fools!..","Twitter for iPhone",284,NA,NA,NA,FALSE,FALSE,135356,35514,NA,NA,NA,NA,NA,NA,NA,NA,NA,NA,NA,NA,NA,NA,NA,"en",NA,NA,NA,NA,NA,NA,NA,NA,NA,NA,NA,NA,NA,NA,NA,NA,NA,NA,NA,NA,NA,NA,NA,NA,NA,NA,NA,NA,NA,NA,NA,NA,NA,NA,NA,NA,"NA NA","NA NA","NA NA NA NA NA NA NA NA","https://twitter.com/realDonaldTrump/status/1064540462848098304","Donald J. Trump","Washington, DC","45th President of the United States of America<f0><U+009F><U+0087><U+00BA><f0><U+009F><U+0087><U+00B8>","https://t.co/OMxB0xp8tD",FALSE,55809710,46,96343,39721,7,2009-03-18 13:46:38,TRUE,"https://t.co/OMxB0xp8tD","http://www.Instagram.com/realDonaldTrump","en","https://pbs.twimg.com/profile_banners/25073877/1540264974","http://abs.twimg.com/images/themes/theme1/bg.png","http://pbs.twimg.com/profile_images/874276197357596672/kUuht00m_normal.jpg"
"25073877","1064526362994778113",2018-11-19 14:30:37,"realDonaldTrump",".@cindyhydesmith loves Mississippi and our Great U.S.A. https://t.co/hQPC4CrhDi","Twitter for iPhone",55,NA,NA,NA,TRUE,FALSE,37634,9379,NA,NA,"twitter.com/teamtrump/stat…","https://t.co/hQPC4CrhDi","https://twitter.com/teamtrump/status/1064200005584588800",NA,NA,NA,NA,NA,NA,NA,NA,"262192574","cindyhydesmith","en","1064200005584588800","Join President Trump in BILOXI, MS!

GET YOUR FREE TICKETS: https://t.co/A63BD4ocXD

#MAGA #Trump #Mississippi #Biloxi #MS #MAGARally #TeamTrump",2018-11-18 16:53:47,"Twitter Web Client",3220,1633,"729676086632656900","TeamTrump","Official Team Trump",937752,32,11389,"USA","Welcome To The Official #TeamTrump Account. Together, We WILL #MakeAmericaGreatAgain! #AmericaFirst",TRUE,NA,NA,NA,NA,NA,NA,NA,NA,NA,NA,NA,NA,NA,NA,NA,NA,NA,NA,NA,NA,NA,"NA NA","NA NA","NA NA NA NA NA NA NA NA","https://twitter.com/realDonaldTrump/status/1064526362994778113","Donald J. Trump","Washington, DC","45th President of the United States of America<f0><U+009F><U+0087><U+00BA><f0><U+009F><U+0087><U+00B8>","https://t.co/OMxB0xp8tD",FALSE,55809710,46,96343,39721,7,2009-03-18 13:46:38,TRUE,"https://t.co/OMxB0xp8tD","http://www.Instagram.com/realDonaldTrump","en","https://pbs.twimg.com/profile_banners/25073877/1540264974","http://abs.twimg.com/images/themes/theme1/bg.png","http://pbs.twimg.com/profile_images/874276197357596672/kUuht00m_normal.jpg"
"25073877","1064246787161145346",2018-11-18 19:59:41,"realDonaldTrump","From day one Rick Scott never wavered. He was a great Governor and will be even a greater Senator in representing the People of Florida. Congratulations to Rick on having waged such a courageous and successful campaign!","Twitter for iPhone",219,NA,NA,NA,FALSE,FALSE,81026,17724,NA,NA,NA,NA,NA,NA,NA,NA,NA,NA,NA,NA,NA,NA,NA,"en",NA,NA,NA,NA,NA,NA,NA,NA,NA,NA,NA,NA,NA,NA,NA,NA,NA,NA,NA,NA,NA,NA,NA,NA,NA,NA,NA,NA,NA,NA,NA,NA,NA,NA,NA,NA,"NA NA","NA NA","NA NA NA NA NA NA NA NA","https://twitter.com/realDonaldTrump/status/1064246787161145346","Donald J. Trump","Washington, DC","45th President of the United States of America<f0><U+009F><U+0087><U+00BA><f0><U+009F><U+0087><U+00B8>","https://t.co/OMxB0xp8tD",FALSE,55809710,46,96343,39721,7,2009-03-18 13:46:38,TRUE,"https://t.co/OMxB0xp8tD","http://www.Instagram.com/realDonaldTrump","en","https://pbs.twimg.com/profile_banners/25073877/1540264974","http://abs.twimg.com/images/themes/theme1/bg.png","http://pbs.twimg.com/profile_images/874276197357596672/kUuht00m_normal.jpg"
"25073877","1064245710747590657",2018-11-18 19:55:24,"realDonaldTrump","Catch and Release is an obsolete term. It is now Catch and Detain. Illegal Immigrants trying to come into the U.S.A., often proudly flying the flag of their nation as they ask for U.S. Asylum, will be detained or turned away. Dems must approve Border Security &amp; Wall NOW!","Twitter for iPhone",275,NA,NA,NA,FALSE,FALSE,143208,37614,NA,NA,NA,NA,NA,NA,NA,NA,NA,NA,NA,NA,NA,NA,NA,"en",NA,NA,NA,NA,NA,NA,NA,NA,NA,NA,NA,NA,NA,NA,NA,NA,NA,NA,NA,NA,NA,NA,NA,NA,NA,NA,NA,NA,NA,NA,NA,NA,NA,NA,NA,NA,"NA NA","NA NA","NA NA NA NA NA NA NA NA","https://twitter.com/realDonaldTrump/status/1064245710747590657","Donald J. Trump","Washington, DC","45th President of the United States of America<f0><U+009F><U+0087><U+00BA><f0><U+009F><U+0087><U+00B8>","https://t.co/OMxB0xp8tD",FALSE,55809710,46,96343,39721,7,2009-03-18 13:46:38,TRUE,"https://t.co/OMxB0xp8tD","http://www.Instagram.com/realDonaldTrump","en","https://pbs.twimg.com/profile_banners/25073877/1540264974","http://abs.twimg.com/images/themes/theme1/bg.png","http://pbs.twimg.com/profile_images/874276197357596672/kUuht00m_normal.jpg"
"25073877","1064227483187318784",2018-11-18 18:42:59,"realDonaldTrump","The Mayor of Tijuana, Mexico, just stated that “the City is ill-prepared to handle this many migrants, the backlog could last 6 months.” Likewise, the U.S. is ill-prepared for this invasion, and will not stand for it. They are causing crime and big problems in Mexico. Go home!","Twitter for iPhone",277,NA,NA,NA,FALSE,FALSE,108503,30926,NA,NA,NA,NA,NA,NA,NA,NA,NA,NA,NA,NA,NA,NA,NA,"en",NA,NA,NA,NA,NA,NA,NA,NA,NA,NA,NA,NA,NA,NA,NA,NA,NA,NA,NA,NA,NA,NA,NA,NA,NA,NA,NA,NA,NA,NA,NA,NA,NA,NA,NA,NA,"NA NA","NA NA","NA NA NA NA NA NA NA NA","https://twitter.com/realDonaldTrump/status/1064227483187318784","Donald J. Trump","Washington, DC","45th President of the United States of America<f0><U+009F><U+0087><U+00BA><f0><U+009F><U+0087><U+00B8>","https://t.co/OMxB0xp8tD",FALSE,55809710,46,96343,39721,7,2009-03-18 13:46:38,TRUE,"https://t.co/OMxB0xp8tD","http://www.Instagram.com/realDonaldTrump","en","https://pbs.twimg.com/profile_banners/25073877/1540264974","http://abs.twimg.com/images/themes/theme1/bg.png","http://pbs.twimg.com/profile_images/874276197357596672/kUuht00m_normal.jpg"
"25073877","1064216956679716864",2018-11-18 18:01:09,"realDonaldTrump","So funny to see little Adam Schitt (D-CA) talking about the fact that Acting Attorney General Matt Whitaker was not approved by the Senate, but not mentioning the fact that Bob Mueller (who is highly conflicted) was not approved by the Senate!","Twitter for iPhone",243,NA,NA,NA,FALSE,FALSE,128538,35984,NA,NA,NA,NA,NA,NA,NA,NA,NA,NA,NA,NA,NA,NA,NA,"en",NA,NA,NA,NA,NA,NA,NA,NA,NA,NA,NA,NA,NA,NA,NA,NA,NA,NA,NA,NA,NA,NA,NA,NA,NA,NA,NA,NA,NA,NA,NA,NA,NA,NA,NA,NA,"NA NA","NA NA","NA NA NA NA NA NA NA NA","https://twitter.com/realDonaldTrump/status/1064216956679716864","Donald J. Trump","Washington, DC","45th President of the United States of America<f0><U+009F><U+0087><U+00BA><f0><U+009F><U+0087><U+00B8>","https://t.co/OMxB0xp8tD",FALSE,55809710,46,96343,39721,7,2009-03-18 13:46:38,TRUE,"https://t.co/OMxB0xp8tD","http://www.Instagram.com/realDonaldTrump","en","https://pbs.twimg.com/profile_banners/25073877/1540264974","http://abs.twimg.com/images/themes/theme1/bg.png","http://pbs.twimg.com/profile_images/874276197357596672/kUuht00m_normal.jpg"
"25073877","1064209246114459648",2018-11-18 17:30:30,"realDonaldTrump","I will be interviewed by Chris Wallace on @FoxNews at 2:00 P.M. and 7:00 P.M. Enjoy!","Twitter for iPhone",84,NA,NA,NA,FALSE,FALSE,55153,9448,NA,NA,NA,NA,NA,NA,NA,NA,NA,NA,NA,NA,NA,"1367531","FoxNews","en",NA,NA,NA,NA,NA,NA,NA,NA,NA,NA,NA,NA,NA,NA,NA,NA,NA,NA,NA,NA,NA,NA,NA,NA,NA,NA,NA,NA,NA,NA,NA,NA,NA,NA,NA,NA,"NA NA","NA NA","NA NA NA NA NA NA NA NA","https://twitter.com/realDonaldTrump/status/1064209246114459648","Donald J. Trump","Washington, DC","45th President of the United States of America<f0><U+009F><U+0087><U+00BA><f0><U+009F><U+0087><U+00B8>","https://t.co/OMxB0xp8tD",FALSE,55809710,46,96343,39721,7,2009-03-18 13:46:38,TRUE,"https://t.co/OMxB0xp8tD","http://www.Instagram.com/realDonaldTrump","en","https://pbs.twimg.com/profile_banners/25073877/1540264974","http://abs.twimg.com/images/themes/theme1/bg.png","http://pbs.twimg.com/profile_images/874276197357596672/kUuht00m_normal.jpg"
"25073877","1063987157650485249",2018-11-18 02:48:00,"realDonaldTrump","Incredible to be with our GREAT HEROES today in California. We will always be with you! https://t.co/B1MCTF83Zf","Twitter for iPhone",87,NA,NA,NA,FALSE,FALSE,101958,22468,NA,NA,NA,NA,NA,"http://pbs.twimg.com/ext_tw_video_thumb/1063986362565582848/pu/img/DjnzZ66UTr2sRc3v.jpg","https://t.co/B1MCTF83Zf","https://twitter.com/realDonaldTrump/status/1063987157650485249/video/1","photo","http://pbs.twimg.com/ext_tw_video_thumb/1063986362565582848/pu/img/DjnzZ66UTr2sRc3v.jpg","https://t.co/B1MCTF83Zf","https://twitter.com/realDonaldTrump/status/1063987157650485249/video/1",NA,NA,NA,"en",NA,NA,NA,NA,NA,NA,NA,NA,NA,NA,NA,NA,NA,NA,NA,NA,NA,NA,NA,NA,NA,NA,NA,NA,NA,NA,NA,NA,NA,NA,NA,NA,NA,NA,NA,NA,"NA NA","NA NA","NA NA NA NA NA NA NA NA","https://twitter.com/realDonaldTrump/status/1063987157650485249","Donald J. Trump","Washington, DC","45th President of the United States of America<f0><U+009F><U+0087><U+00BA><f0><U+009F><U+0087><U+00B8>","https://t.co/OMxB0xp8tD",FALSE,55809710,46,96343,39721,7,2009-03-18 13:46:38,TRUE,"https://t.co/OMxB0xp8tD","http://www.Instagram.com/realDonaldTrump","en","https://pbs.twimg.com/profile_banners/25073877/1540264974","http://abs.twimg.com/images/themes/theme1/bg.png","http://pbs.twimg.com/profile_images/874276197357596672/kUuht00m_normal.jpg"
"25073877","1063835936604090368",2018-11-17 16:47:07,"realDonaldTrump","Heading to California with @GOPLeader Kevin McCarthy, @RepLaMalfa, and @KenCalvert. Look forward to being with our brave Firefighters, First Responders and @FEMA, along with the many brave People of California. We are with you all the way – God Bless you all!","Twitter for iPhone",259,NA,NA,NA,FALSE,FALSE,56994,10956,NA,NA,NA,NA,NA,NA,NA,NA,NA,NA,NA,NA,NA,"19739126 1069124515 22545491 16669075","GOPLeader RepLaMalfa KenCalvert fema","en",NA,NA,NA,NA,NA,NA,NA,NA,NA,NA,NA,NA,NA,NA,NA,NA,NA,NA,NA,NA,NA,NA,NA,NA,NA,NA,NA,NA,NA,NA,NA,NA,NA,NA,NA,NA,"NA NA","NA NA","NA NA NA NA NA NA NA NA","https://twitter.com/realDonaldTrump/status/1063835936604090368","Donald J. Trump","Washington, DC","45th President of the United States of America<f0><U+009F><U+0087><U+00BA><f0><U+009F><U+0087><U+00B8>","https://t.co/OMxB0xp8tD",FALSE,55809710,46,96343,39721,7,2009-03-18 13:46:38,TRUE,"https://t.co/OMxB0xp8tD","http://www.Instagram.com/realDonaldTrump","en","https://pbs.twimg.com/profile_banners/25073877/1540264974","http://abs.twimg.com/images/themes/theme1/bg.png","http://pbs.twimg.com/profile_images/874276197357596672/kUuht00m_normal.jpg"
"25073877","1063834733430206465",2018-11-17 16:42:20,"realDonaldTrump","....I can’t imagine any President having a better or closer relationship with their Vice President then the two of us. Just more FAKE NEWS, the Enemy of the People!","Twitter for iPhone",164,"1063834729584054272","25073877","realDonaldTrump",FALSE,FALSE,82012,19636,NA,NA,NA,NA,NA,NA,NA,NA,NA,NA,NA,NA,NA,NA,NA,"en",NA,NA,NA,NA,NA,NA,NA,NA,NA,NA,NA,NA,NA,NA,NA,NA,NA,NA,NA,NA,NA,NA,NA,NA,NA,NA,NA,NA,NA,NA,NA,NA,NA,NA,NA,NA,"NA NA","NA NA","NA NA NA NA NA NA NA NA","https://twitter.com/realDonaldTrump/status/1063834733430206465","Donald J. Trump","Washington, DC","45th President of the United States of America<f0><U+009F><U+0087><U+00BA><f0><U+009F><U+0087><U+00B8>","https://t.co/OMxB0xp8tD",FALSE,55809710,46,96343,39721,7,2009-03-18 13:46:38,TRUE,"https://t.co/OMxB0xp8tD","http://www.Instagram.com/realDonaldTrump","en","https://pbs.twimg.com/profile_banners/25073877/1540264974","http://abs.twimg.com/images/themes/theme1/bg.png","http://pbs.twimg.com/profile_images/874276197357596672/kUuht00m_normal.jpg"
"25073877","1063834729584054272",2018-11-17 16:42:19,"realDonaldTrump","The New York Times did a phony story, as usual, about my relationship with @VP Mike Pence. They made up sources and refused to ask me, the only one that would know, for a quote....","Twitter for iPhone",180,NA,NA,NA,FALSE,FALSE,76031,18135,NA,NA,NA,NA,NA,NA,NA,NA,NA,NA,NA,NA,NA,"818910970567344128","VP","en",NA,NA,NA,NA,NA,NA,NA,NA,NA,NA,NA,NA,NA,NA,NA,NA,NA,NA,NA,NA,NA,NA,NA,NA,NA,NA,NA,NA,NA,NA,NA,NA,NA,NA,NA,NA,"NA NA","NA NA","NA NA NA NA NA NA NA NA","https://twitter.com/realDonaldTrump/status/1063834729584054272","Donald J. Trump","Washington, DC","45th President of the United States of America<f0><U+009F><U+0087><U+00BA><f0><U+009F><U+0087><U+00B8>","https://t.co/OMxB0xp8tD",FALSE,55809710,46,96343,39721,7,2009-03-18 13:46:38,TRUE,"https://t.co/OMxB0xp8tD","http://www.Instagram.com/realDonaldTrump","en","https://pbs.twimg.com/profile_banners/25073877/1540264974","http://abs.twimg.com/images/themes/theme1/bg.png","http://pbs.twimg.com/profile_images/874276197357596672/kUuht00m_normal.jpg"
"25073877","1063833980720504832",2018-11-17 16:39:20,"realDonaldTrump","Congratulations to Andrew Gillum on having run a really tough and competitive race for Governor of the Great State of Florida. He will be a strong Democrat warrior long into the future - a force to reckon with!","Twitter for iPhone",210,NA,NA,NA,FALSE,FALSE,66930,10798,NA,NA,NA,NA,NA,NA,NA,NA,NA,NA,NA,NA,NA,NA,NA,"en",NA,NA,NA,NA,NA,NA,NA,NA,NA,NA,NA,NA,NA,NA,NA,NA,NA,NA,NA,NA,NA,NA,NA,NA,NA,NA,NA,NA,NA,NA,NA,NA,NA,NA,NA,NA,"NA NA","NA NA","NA NA NA NA NA NA NA NA","https://twitter.com/realDonaldTrump/status/1063833980720504832","Donald J. Trump","Washington, DC","45th President of the United States of America<f0><U+009F><U+0087><U+00BA><f0><U+009F><U+0087><U+00B8>","https://t.co/OMxB0xp8tD",FALSE,55809710,46,96343,39721,7,2009-03-18 13:46:38,TRUE,"https://t.co/OMxB0xp8tD","http://www.Instagram.com/realDonaldTrump","en","https://pbs.twimg.com/profile_banners/25073877/1540264974","http://abs.twimg.com/images/themes/theme1/bg.png","http://pbs.twimg.com/profile_images/874276197357596672/kUuht00m_normal.jpg"
"25073877","1063758107229257728",2018-11-17 11:37:51,"realDonaldTrump","I can get Nancy Pelosi as many votes as she wants in order for her to be Speaker of the House. She deserves this victory, she has earned it - but there are those in her party who are trying to take it away. She will win! @TomReedCongress","Twitter for iPhone",237,NA,NA,NA,FALSE,FALSE,64858,13902,NA,NA,NA,NA,NA,NA,NA,NA,NA,NA,NA,NA,NA,"63073834","TomReedCongress","en",NA,NA,NA,NA,NA,NA,NA,NA,NA,NA,NA,NA,NA,NA,NA,NA,NA,NA,NA,NA,NA,NA,NA,NA,NA,NA,NA,NA,NA,NA,NA,NA,NA,NA,NA,NA,"NA NA","NA NA","NA NA NA NA NA NA NA NA","https://twitter.com/realDonaldTrump/status/1063758107229257728","Donald J. Trump","Washington, DC","45th President of the United States of America<f0><U+009F><U+0087><U+00BA><f0><U+009F><U+0087><U+00B8>","https://t.co/OMxB0xp8tD",FALSE,55809710,46,96343,39721,7,2009-03-18 13:46:38,TRUE,"https://t.co/OMxB0xp8tD","http://www.Instagram.com/realDonaldTrump","en","https://pbs.twimg.com/profile_banners/25073877/1540264974","http://abs.twimg.com/images/themes/theme1/bg.png","http://pbs.twimg.com/profile_images/874276197357596672/kUuht00m_normal.jpg"
"25073877","1063631319739953152",2018-11-17 03:14:02,"realDonaldTrump","Thank you @JerryBrownGov. Look forward to joining you and @GavinNewsom tomorrow in California. We are with you! https://t.co/UuXWAadmov","Twitter for iPhone",111,NA,NA,NA,TRUE,FALSE,48178,10632,NA,NA,"twitter.com/jerrybrowngov/…","https://t.co/UuXWAadmov","https://twitter.com/jerrybrowngov/status/1063561072731279360",NA,NA,NA,NA,NA,NA,NA,NA,"19418459 11347122","JerryBrownGov GavinNewsom","en","1063561072731279360","Tomorrow @GavinNewsom and I will join @POTUS during his visit to the state. Now is a time to pull together for the people of California. https://t.co/EWjPBdbC4E",2018-11-16 22:34:54,"Twitter Web Client",6593,1554,"19418459","JerryBrownGov","Jerry Brown",1110151,17,2225,"California","On Facebook at: http://t.co/ZhAotX27jb",TRUE,NA,NA,NA,NA,NA,NA,NA,NA,NA,NA,NA,NA,NA,NA,NA,NA,NA,NA,NA,NA,NA,"NA NA","NA NA","NA NA NA NA NA NA NA NA","https://twitter.com/realDonaldTrump/status/1063631319739953152","Donald J. Trump","Washington, DC","45th President of the United States of America<f0><U+009F><U+0087><U+00BA><f0><U+009F><U+0087><U+00B8>","https://t.co/OMxB0xp8tD",FALSE,55809710,46,96343,39721,7,2009-03-18 13:46:38,TRUE,"https://t.co/OMxB0xp8tD","http://www.Instagram.com/realDonaldTrump","en","https://pbs.twimg.com/profile_banners/25073877/1540264974","http://abs.twimg.com/images/themes/theme1/bg.png","http://pbs.twimg.com/profile_images/874276197357596672/kUuht00m_normal.jpg"
"25073877","1063593459695669254",2018-11-17 00:43:36,"realDonaldTrump","....their country’s flag. Can this be possible? Yes, because it is all a BIG CON, and the American taxpayer is paying for it!","Twitter for iPhone",125,"1063593456579354624","25073877","realDonaldTrump",FALSE,FALSE,109110,26056,NA,NA,NA,NA,NA,NA,NA,NA,NA,NA,NA,NA,NA,NA,NA,"en",NA,NA,NA,NA,NA,NA,NA,NA,NA,NA,NA,NA,NA,NA,NA,NA,NA,NA,NA,NA,NA,NA,NA,NA,NA,NA,NA,NA,NA,NA,NA,NA,NA,NA,NA,NA,"NA NA","NA NA","NA NA NA NA NA NA NA NA","https://twitter.com/realDonaldTrump/status/1063593459695669254","Donald J. Trump","Washington, DC","45th President of the United States of America<f0><U+009F><U+0087><U+00BA><f0><U+009F><U+0087><U+00B8>","https://t.co/OMxB0xp8tD",FALSE,55809710,46,96343,39721,7,2009-03-18 13:46:38,TRUE,"https://t.co/OMxB0xp8tD","http://www.Instagram.com/realDonaldTrump","en","https://pbs.twimg.com/profile_banners/25073877/1540264974","http://abs.twimg.com/images/themes/theme1/bg.png","http://pbs.twimg.com/profile_images/874276197357596672/kUuht00m_normal.jpg"
"25073877","1063593456579354624",2018-11-17 00:43:35,"realDonaldTrump","Isn’t it ironic that large Caravans of people are marching to our border wanting U.S.A. asylum because they are fearful of being in their country - yet they are proudly waving....","Twitter for iPhone",179,NA,NA,NA,FALSE,FALSE,118705,30368,NA,NA,NA,NA,NA,NA,NA,NA,NA,NA,NA,NA,NA,NA,NA,"en",NA,NA,NA,NA,NA,NA,NA,NA,NA,NA,NA,NA,NA,NA,NA,NA,NA,NA,NA,NA,NA,NA,NA,NA,NA,NA,NA,NA,NA,NA,NA,NA,NA,NA,NA,NA,"NA NA","NA NA","NA NA NA NA NA NA NA NA","https://twitter.com/realDonaldTrump/status/1063593456579354624","Donald J. Trump","Washington, DC","45th President of the United States of America<f0><U+009F><U+0087><U+00BA><f0><U+009F><U+0087><U+00B8>","https://t.co/OMxB0xp8tD",FALSE,55809710,46,96343,39721,7,2009-03-18 13:46:38,TRUE,"https://t.co/OMxB0xp8tD","http://www.Instagram.com/realDonaldTrump","en","https://pbs.twimg.com/profile_banners/25073877/1540264974","http://abs.twimg.com/images/themes/theme1/bg.png","http://pbs.twimg.com/profile_images/874276197357596672/kUuht00m_normal.jpg"
"25073877","1063591994738515968",2018-11-17 00:37:46,"realDonaldTrump","Congratulations to Brian Kemp on becoming the new Governor of Georgia. Stacey Abrams fought brilliantly and hard - she will have a terrific political future! Brian was unrelenting and will become a great Governor for the truly Wonderful People of Georgia!","Twitter for iPhone",255,NA,NA,NA,FALSE,FALSE,103273,20245,NA,NA,NA,NA,NA,NA,NA,NA,NA,NA,NA,NA,NA,NA,NA,"en",NA,NA,NA,NA,NA,NA,NA,NA,NA,NA,NA,NA,NA,NA,NA,NA,NA,NA,NA,NA,NA,NA,NA,NA,NA,NA,NA,NA,NA,NA,NA,NA,NA,NA,NA,NA,"NA NA","NA NA","NA NA NA NA NA NA NA NA","https://twitter.com/realDonaldTrump/status/1063591994738515968","Donald J. Trump","Washington, DC","45th President of the United States of America<f0><U+009F><U+0087><U+00BA><f0><U+009F><U+0087><U+00B8>","https://t.co/OMxB0xp8tD",FALSE,55809710,46,96343,39721,7,2009-03-18 13:46:38,TRUE,"https://t.co/OMxB0xp8tD","http://www.Instagram.com/realDonaldTrump","en","https://pbs.twimg.com/profile_banners/25073877/1540264974","http://abs.twimg.com/images/themes/theme1/bg.png","http://pbs.twimg.com/profile_images/874276197357596672/kUuht00m_normal.jpg"
"25073877","1063591735169871872",2018-11-17 00:36:44,"realDonaldTrump","Congratulations to Ron DeSantis on becoming the new Governor of Florida. Against all odds, he fought &amp; fought &amp; fought, the result being a historic victory. He never gave up and never will. He will be a great Governor!","Twitter for iPhone",226,NA,NA,NA,FALSE,FALSE,101240,22298,NA,NA,NA,NA,NA,NA,NA,NA,NA,NA,NA,NA,NA,NA,NA,"en",NA,NA,NA,NA,NA,NA,NA,NA,NA,NA,NA,NA,NA,NA,NA,NA,NA,NA,NA,NA,NA,NA,NA,NA,NA,NA,NA,NA,NA,NA,NA,NA,NA,NA,NA,NA,"NA NA","NA NA","NA NA NA NA NA NA NA NA","https://twitter.com/realDonaldTrump/status/1063591735169871872","Donald J. Trump","Washington, DC","45th President of the United States of America<f0><U+009F><U+0087><U+00BA><f0><U+009F><U+0087><U+00B8>","https://t.co/OMxB0xp8tD",FALSE,55809710,46,96343,39721,7,2009-03-18 13:46:38,TRUE,"https://t.co/OMxB0xp8tD","http://www.Instagram.com/realDonaldTrump","en","https://pbs.twimg.com/profile_banners/25073877/1540264974","http://abs.twimg.com/images/themes/theme1/bg.png","http://pbs.twimg.com/profile_images/874276197357596672/kUuht00m_normal.jpg"
"25073877","1063549250250960897",2018-11-16 21:47:55,"realDonaldTrump","PRESIDENTIAL MEDAL OF FREEDOM https://t.co/Mgeg4wijTk","Twitter for iPhone",29,NA,NA,NA,FALSE,FALSE,55480,12005,NA,NA,NA,NA,NA,"http://pbs.twimg.com/ext_tw_video_thumb/1063549080993972224/pu/img/L3J6DR-IXJB7_DtW.jpg","https://t.co/Mgeg4wijTk","https://twitter.com/realDonaldTrump/status/1063549250250960897/video/1","photo","http://pbs.twimg.com/ext_tw_video_thumb/1063549080993972224/pu/img/L3J6DR-IXJB7_DtW.jpg","https://t.co/Mgeg4wijTk","https://twitter.com/realDonaldTrump/status/1063549250250960897/video/1",NA,NA,NA,"en",NA,NA,NA,NA,NA,NA,NA,NA,NA,NA,NA,NA,NA,NA,NA,NA,NA,NA,NA,NA,NA,NA,NA,NA,NA,NA,NA,NA,NA,NA,NA,NA,NA,NA,NA,NA,"NA NA","NA NA","NA NA NA NA NA NA NA NA","https://twitter.com/realDonaldTrump/status/1063549250250960897","Donald J. Trump","Washington, DC","45th President of the United States of America<f0><U+009F><U+0087><U+00BA><f0><U+009F><U+0087><U+00B8>","https://t.co/OMxB0xp8tD",FALSE,55809710,46,96343,39721,7,2009-03-18 13:46:38,TRUE,"https://t.co/OMxB0xp8tD","http://www.Instagram.com/realDonaldTrump","en","https://pbs.twimg.com/profile_banners/25073877/1540264974","http://abs.twimg.com/images/themes/theme1/bg.png","http://pbs.twimg.com/profile_images/874276197357596672/kUuht00m_normal.jpg"
"25073877","1063517548258447361",2018-11-16 19:41:57,"realDonaldTrump","People are not being told that the Republican Party is on track to pick up two seats in the U.S. Senate, and epic victory: 53 to 47. The Fake News Media only wants to speak of the House, where the Midterm results were better than other sitting Presidents.","Twitter for iPhone",255,NA,NA,NA,FALSE,FALSE,102400,26297,NA,NA,NA,NA,NA,NA,NA,NA,NA,NA,NA,NA,NA,NA,NA,"en",NA,NA,NA,NA,NA,NA,NA,NA,NA,NA,NA,NA,NA,NA,NA,NA,NA,NA,NA,NA,NA,NA,NA,NA,NA,NA,NA,NA,NA,NA,NA,NA,NA,NA,NA,NA,"NA NA","NA NA","NA NA NA NA NA NA NA NA","https://twitter.com/realDonaldTrump/status/1063517548258447361","Donald J. Trump","Washington, DC","45th President of the United States of America<f0><U+009F><U+0087><U+00BA><f0><U+009F><U+0087><U+00B8>","https://t.co/OMxB0xp8tD",FALSE,55809710,46,96343,39721,7,2009-03-18 13:46:38,TRUE,"https://t.co/OMxB0xp8tD","http://www.Instagram.com/realDonaldTrump","en","https://pbs.twimg.com/profile_banners/25073877/1540264974","http://abs.twimg.com/images/themes/theme1/bg.png","http://pbs.twimg.com/profile_images/874276197357596672/kUuht00m_normal.jpg"
"25073877","1063516048647995394",2018-11-16 19:35:59,"realDonaldTrump","Today in the East Room of the @WhiteHouse, it was my true privilege to award seven extraordinary Americans with the Presidential Medal of Freedom...https://t.co/TuEy635mav","Twitter for iPhone",171,NA,NA,NA,FALSE,FALSE,50432,12044,NA,NA,"pscp.tv/w/br8N-TFvTlFs…","https://t.co/TuEy635mav","https://www.pscp.tv/w/br8N-TFvTlFsTFJub1dwUXd8MWxER0xNWXdhb1lKbTz1Kfwg4qYEOaQ_q0LQ3Z47b9J5IN_jvMXEfB8o0pu8?t=1s",NA,NA,NA,NA,NA,NA,NA,NA,"822215673812119553","WhiteHouse","en",NA,NA,NA,NA,NA,NA,NA,NA,NA,NA,NA,NA,NA,NA,NA,NA,NA,NA,NA,NA,NA,NA,NA,NA,NA,NA,NA,NA,NA,NA,NA,NA,NA,NA,NA,NA,"NA NA","NA NA","NA NA NA NA NA NA NA NA","https://twitter.com/realDonaldTrump/status/1063516048647995394","Donald J. Trump","Washington, DC","45th President of the United States of America<f0><U+009F><U+0087><U+00BA><f0><U+009F><U+0087><U+00B8>","https://t.co/OMxB0xp8tD",FALSE,55809710,46,96343,39721,7,2009-03-18 13:46:38,TRUE,"https://t.co/OMxB0xp8tD","http://www.Instagram.com/realDonaldTrump","en","https://pbs.twimg.com/profile_banners/25073877/1540264974","http://abs.twimg.com/images/themes/theme1/bg.png","http://pbs.twimg.com/profile_images/874276197357596672/kUuht00m_normal.jpg"
"25073877","1063170699500642304",2018-11-15 20:43:42,"realDonaldTrump","It is our sacred duty to support America’s Service Members every single day they wear the uniform – and every day after when they return home as Veterans. Together we will HONOR those who defend us, we will CHERISH those who protect us, and we will celebrate the amazing heroes... https://t.co/kovcIj4fwU","Twitter for iPhone",280,NA,NA,NA,FALSE,FALSE,73238,17766,NA,NA,NA,NA,NA,"http://pbs.twimg.com/ext_tw_video_thumb/1063170305084944384/pu/img/F1wBFXepohxi2fOz.jpg","https://t.co/kovcIj4fwU","https://twitter.com/realDonaldTrump/status/1063170699500642304/video/1","photo","http://pbs.twimg.com/ext_tw_video_thumb/1063170305084944384/pu/img/F1wBFXepohxi2fOz.jpg","https://t.co/kovcIj4fwU","https://twitter.com/realDonaldTrump/status/1063170699500642304/video/1",NA,NA,NA,"en",NA,NA,NA,NA,NA,NA,NA,NA,NA,NA,NA,NA,NA,NA,NA,NA,NA,NA,NA,NA,NA,NA,NA,NA,NA,NA,NA,NA,NA,NA,NA,NA,NA,NA,NA,NA,"NA NA","NA NA","NA NA NA NA NA NA NA NA","https://twitter.com/realDonaldTrump/status/1063170699500642304","Donald J. Trump","Washington, DC","45th President of the United States of America<f0><U+009F><U+0087><U+00BA><f0><U+009F><U+0087><U+00B8>","https://t.co/OMxB0xp8tD",FALSE,55809710,46,96343,39721,7,2009-03-18 13:46:38,TRUE,"https://t.co/OMxB0xp8tD","http://www.Instagram.com/realDonaldTrump","en","https://pbs.twimg.com/profile_banners/25073877/1540264974","http://abs.twimg.com/images/themes/theme1/bg.png","http://pbs.twimg.com/profile_images/874276197357596672/kUuht00m_normal.jpg"
"25073877","1063169733535678464",2018-11-15 20:39:51,"realDonaldTrump","Last year, I signed the landmark VA Accountability Act to ensure those who mistreat our Veterans can be held fully accountable. Since my inauguration, we have removed more than 3,600 government employees who were not giving our Vets the care they deserve.... https://t.co/KqWXXt7D4U","Twitter for iPhone",258,NA,NA,NA,FALSE,FALSE,77030,19214,NA,NA,NA,NA,NA,"http://pbs.twimg.com/ext_tw_video_thumb/1063169416366604293/pu/img/DICkvOotqPdLHqA2.jpg","https://t.co/KqWXXt7D4U","https://twitter.com/realDonaldTrump/status/1063169733535678464/video/1","photo","http://pbs.twimg.com/ext_tw_video_thumb/1063169416366604293/pu/img/DICkvOotqPdLHqA2.jpg","https://t.co/KqWXXt7D4U","https://twitter.com/realDonaldTrump/status/1063169733535678464/video/1",NA,NA,NA,"en",NA,NA,NA,NA,NA,NA,NA,NA,NA,NA,NA,NA,NA,NA,NA,NA,NA,NA,NA,NA,NA,NA,NA,NA,NA,NA,NA,NA,NA,NA,NA,NA,NA,NA,NA,NA,"NA NA","NA NA","NA NA NA NA NA NA NA NA","https://twitter.com/realDonaldTrump/status/1063169733535678464","Donald J. Trump","Washington, DC","45th President of the United States of America<f0><U+009F><U+0087><U+00BA><f0><U+009F><U+0087><U+00B8>","https://t.co/OMxB0xp8tD",FALSE,55809710,46,96343,39721,7,2009-03-18 13:46:38,TRUE,"https://t.co/OMxB0xp8tD","http://www.Instagram.com/realDonaldTrump","en","https://pbs.twimg.com/profile_banners/25073877/1540264974","http://abs.twimg.com/images/themes/theme1/bg.png","http://pbs.twimg.com/profile_images/874276197357596672/kUuht00m_normal.jpg"
"25073877","1063168341941063680",2018-11-15 20:34:20,"realDonaldTrump","It was my great honor to host a @WhiteHouse Conference on Supporting Veterans &amp; Military Families...

To everyone here today who has served our Country in uniform, &amp; to every Veteran &amp; Military family across our land, I want to express the eternal gratitude of our entire Nation! https://t.co/MK8jUaTGFK","Twitter for iPhone",291,NA,NA,NA,FALSE,FALSE,57777,13583,NA,NA,NA,NA,NA,"http://pbs.twimg.com/ext_tw_video_thumb/1063167627768537088/pu/img/IMukLIpeUJ1CQDU2.jpg","https://t.co/MK8jUaTGFK","https://twitter.com/realDonaldTrump/status/1063168341941063680/video/1","photo","http://pbs.twimg.com/ext_tw_video_thumb/1063167627768537088/pu/img/IMukLIpeUJ1CQDU2.jpg","https://t.co/MK8jUaTGFK","https://twitter.com/realDonaldTrump/status/1063168341941063680/video/1",NA,"822215673812119553","WhiteHouse","en",NA,NA,NA,NA,NA,NA,NA,NA,NA,NA,NA,NA,NA,NA,NA,NA,NA,NA,NA,NA,NA,NA,NA,NA,NA,NA,NA,NA,NA,NA,NA,NA,NA,NA,NA,NA,"NA NA","NA NA","NA NA NA NA NA NA NA NA","https://twitter.com/realDonaldTrump/status/1063168341941063680","Donald J. Trump","Washington, DC","45th President of the United States of America<f0><U+009F><U+0087><U+00BA><f0><U+009F><U+0087><U+00B8>","https://t.co/OMxB0xp8tD",FALSE,55809710,46,96343,39721,7,2009-03-18 13:46:38,TRUE,"https://t.co/OMxB0xp8tD","http://www.Instagram.com/realDonaldTrump","en","https://pbs.twimg.com/profile_banners/25073877/1540264974","http://abs.twimg.com/images/themes/theme1/bg.png","http://pbs.twimg.com/profile_images/874276197357596672/kUuht00m_normal.jpg"
"25073877","1063161848952836096",2018-11-15 20:08:32,"realDonaldTrump",".@FLOTUS Melania and I were honored to visit with our GREAT U.S. MARINES at the Marine Barracks here in Washington, D.C. We love you @USMC @MBWDC! https://t.co/ASWmDZrDRK https://t.co/xYrPw9zzVv","Media Studio",170,NA,NA,NA,FALSE,FALSE,62333,14793,NA,NA,"facebook.com/13601180983797…","https://t.co/ASWmDZrDRK","https://www.facebook.com/136011809837973/posts/1755728277866310/","http://pbs.twimg.com/amplify_video_thumb/1063159509248487424/img/2dktFzXmFcj3_88c.jpg","https://t.co/xYrPw9zzVv","https://twitter.com/realDonaldTrump/status/1063161848952836096/video/1","photo","http://pbs.twimg.com/amplify_video_thumb/1063159509248487424/img/2dktFzXmFcj3_88c.jpg","https://t.co/xYrPw9zzVv","https://twitter.com/realDonaldTrump/status/1063161848952836096/video/1",NA,"818876014390603776 10126672 1525210998","FLOTUS USMC MBWDC","en",NA,NA,NA,NA,NA,NA,NA,NA,NA,NA,NA,NA,NA,NA,NA,NA,NA,NA,NA,NA,NA,NA,NA,NA,NA,NA,NA,NA,NA,NA,NA,NA,NA,NA,NA,NA,"NA NA","NA NA","NA NA NA NA NA NA NA NA","https://twitter.com/realDonaldTrump/status/1063161848952836096","Donald J. Trump","Washington, DC","45th President of the United States of America<f0><U+009F><U+0087><U+00BA><f0><U+009F><U+0087><U+00B8>","https://t.co/OMxB0xp8tD",FALSE,55809710,46,96343,39721,7,2009-03-18 13:46:38,TRUE,"https://t.co/OMxB0xp8tD","http://www.Instagram.com/realDonaldTrump","en","https://pbs.twimg.com/profile_banners/25073877/1540264974","http://abs.twimg.com/images/themes/theme1/bg.png","http://pbs.twimg.com/profile_images/874276197357596672/kUuht00m_normal.jpg"
"25073877","1063084073231544320",2018-11-15 14:59:28,"realDonaldTrump","The only “Collusion” is that of the Democrats with Russia and many others. Why didn’t the FBI take the Server from the DNC? They still don’t have it. Check out how biased Facebook, Google and Twitter are in favor of the Democrats. That’s the real Collusion!","Twitter for iPhone",257,NA,NA,NA,FALSE,FALSE,110435,31851,NA,NA,NA,NA,NA,NA,NA,NA,NA,NA,NA,NA,NA,NA,NA,"en",NA,NA,NA,NA,NA,NA,NA,NA,NA,NA,NA,NA,NA,NA,NA,NA,NA,NA,NA,NA,NA,NA,NA,NA,NA,NA,NA,NA,NA,NA,NA,NA,NA,NA,NA,NA,"NA NA","NA NA","NA NA NA NA NA NA NA NA","https://twitter.com/realDonaldTrump/status/1063084073231544320","Donald J. Trump","Washington, DC","45th President of the United States of America<f0><U+009F><U+0087><U+00BA><f0><U+009F><U+0087><U+00B8>","https://t.co/OMxB0xp8tD",FALSE,55809710,46,96343,39721,7,2009-03-18 13:46:38,TRUE,"https://t.co/OMxB0xp8tD","http://www.Instagram.com/realDonaldTrump","en","https://pbs.twimg.com/profile_banners/25073877/1540264974","http://abs.twimg.com/images/themes/theme1/bg.png","http://pbs.twimg.com/profile_images/874276197357596672/kUuht00m_normal.jpg"
"25073877","1063081553075625984",2018-11-15 14:49:28,"realDonaldTrump","Universities will someday study what highly conflicted (and NOT Senate approved) Bob Mueller and his gang of Democrat thugs have done to destroy people. Why is he protecting Crooked Hillary, Comey, McCabe, Lisa Page &amp; her lover, Peter S, and all of his friends on the other side?","Twitter for iPhone",283,NA,NA,NA,FALSE,FALSE,112701,30570,NA,NA,NA,NA,NA,NA,NA,NA,NA,NA,NA,NA,NA,NA,NA,"en",NA,NA,NA,NA,NA,NA,NA,NA,NA,NA,NA,NA,NA,NA,NA,NA,NA,NA,NA,NA,NA,NA,NA,NA,NA,NA,NA,NA,NA,NA,NA,NA,NA,NA,NA,NA,"NA NA","NA NA","NA NA NA NA NA NA NA NA","https://twitter.com/realDonaldTrump/status/1063081553075625984","Donald J. Trump","Washington, DC","45th President of the United States of America<f0><U+009F><U+0087><U+00BA><f0><U+009F><U+0087><U+00B8>","https://t.co/OMxB0xp8tD",FALSE,55809710,46,96343,39721,7,2009-03-18 13:46:38,TRUE,"https://t.co/OMxB0xp8tD","http://www.Instagram.com/realDonaldTrump","en","https://pbs.twimg.com/profile_banners/25073877/1540264974","http://abs.twimg.com/images/themes/theme1/bg.png","http://pbs.twimg.com/profile_images/874276197357596672/kUuht00m_normal.jpg"
"25073877","1063046973857718272",2018-11-15 12:32:03,"realDonaldTrump","....care how many lives the ruin. These are Angry People, including the highly conflicted Bob Mueller, who worked for Obama for 8 years. They won’t even look at all of the bad acts and crimes on the other side. A TOTAL WITCH HUNT LIKE NO OTHER IN AMERICAN HISTORY!","Twitter for iPhone",264,NA,NA,NA,FALSE,FALSE,113993,28872,NA,NA,NA,NA,NA,NA,NA,NA,NA,NA,NA,NA,NA,NA,NA,"en",NA,NA,NA,NA,NA,NA,NA,NA,NA,NA,NA,NA,NA,NA,NA,NA,NA,NA,NA,NA,NA,NA,NA,NA,NA,NA,NA,NA,NA,NA,NA,NA,NA,NA,NA,NA,"NA NA","NA NA","NA NA NA NA NA NA NA NA","https://twitter.com/realDonaldTrump/status/1063046973857718272","Donald J. Trump","Washington, DC","45th President of the United States of America<f0><U+009F><U+0087><U+00BA><f0><U+009F><U+0087><U+00B8>","https://t.co/OMxB0xp8tD",FALSE,55809710,46,96343,39721,7,2009-03-18 13:46:38,TRUE,"https://t.co/OMxB0xp8tD","http://www.Instagram.com/realDonaldTrump","en","https://pbs.twimg.com/profile_banners/25073877/1540264974","http://abs.twimg.com/images/themes/theme1/bg.png","http://pbs.twimg.com/profile_images/874276197357596672/kUuht00m_normal.jpg"
"25073877","1063042585802039296",2018-11-15 12:14:37,"realDonaldTrump","The inner workings of the Mueller investigation are a total mess. They have found no collusion and have gone absolutely nuts. They are screaming and shouting at people, horribly threatening them to come up with the answers they want. They are a disgrace to our Nation and don’t...","Twitter for iPhone",280,NA,NA,NA,FALSE,FALSE,109624,29118,NA,NA,NA,NA,NA,NA,NA,NA,NA,NA,NA,NA,NA,NA,NA,"en",NA,NA,NA,NA,NA,NA,NA,NA,NA,NA,NA,NA,NA,NA,NA,NA,NA,NA,NA,NA,NA,NA,NA,NA,NA,NA,NA,NA,NA,NA,NA,NA,NA,NA,NA,NA,"NA NA","NA NA","NA NA NA NA NA NA NA NA","https://twitter.com/realDonaldTrump/status/1063042585802039296","Donald J. Trump","Washington, DC","45th President of the United States of America<f0><U+009F><U+0087><U+00BA><f0><U+009F><U+0087><U+00B8>","https://t.co/OMxB0xp8tD",FALSE,55809710,46,96343,39721,7,2009-03-18 13:46:38,TRUE,"https://t.co/OMxB0xp8tD","http://www.Instagram.com/realDonaldTrump","en","https://pbs.twimg.com/profile_banners/25073877/1540264974","http://abs.twimg.com/images/themes/theme1/bg.png","http://pbs.twimg.com/profile_images/874276197357596672/kUuht00m_normal.jpg"
"25073877","1063038733673525248",2018-11-15 11:59:19,"realDonaldTrump","The White House is running very smoothly and the results for our Nation are obviously very good. We are the envy of the world. But anytime I even think about making changes, the FAKE NEWS MEDIA goes crazy, always seeking to make us look as bad as possible! Very dishonest!","Twitter for iPhone",272,NA,NA,NA,FALSE,FALSE,107457,25547,NA,NA,NA,NA,NA,NA,NA,NA,NA,NA,NA,NA,NA,NA,NA,"en",NA,NA,NA,NA,NA,NA,NA,NA,NA,NA,NA,NA,NA,NA,NA,NA,NA,NA,NA,NA,NA,NA,NA,NA,NA,NA,NA,NA,NA,NA,NA,NA,NA,NA,NA,NA,"NA NA","NA NA","NA NA NA NA NA NA NA NA","https://twitter.com/realDonaldTrump/status/1063038733673525248","Donald J. Trump","Washington, DC","45th President of the United States of America<f0><U+009F><U+0087><U+00BA><f0><U+009F><U+0087><U+00B8>","https://t.co/OMxB0xp8tD",FALSE,55809710,46,96343,39721,7,2009-03-18 13:46:38,TRUE,"https://t.co/OMxB0xp8tD","http://www.Instagram.com/realDonaldTrump","en","https://pbs.twimg.com/profile_banners/25073877/1540264974","http://abs.twimg.com/images/themes/theme1/bg.png","http://pbs.twimg.com/profile_images/874276197357596672/kUuht00m_normal.jpg"
"25073877","1062849316161753093",2018-11-14 23:26:38,"realDonaldTrump","Our pledge to hire American includes those leaving prison and looking for a very fresh start — new job, and new life. The legislation I am supporting today contains many significant reforms. Read more here: https://t.co/BwQ3qd9Fyk https://t.co/6DUY9KNTpR","Twitter for iPhone",230,NA,NA,NA,FALSE,FALSE,66460,16812,NA,NA,"45.wh.gov/esvdqj","https://t.co/BwQ3qd9Fyk","http://45.wh.gov/esvdqj","http://pbs.twimg.com/media/Dr__0WTU8AAgSvr.jpg","https://t.co/6DUY9KNTpR","https://twitter.com/realDonaldTrump/status/1062849316161753093/photo/1","photo","http://pbs.twimg.com/media/Dr__0WTU8AAgSvr.jpg","https://t.co/6DUY9KNTpR","https://twitter.com/realDonaldTrump/status/1062849316161753093/photo/1",NA,NA,NA,"en",NA,NA,NA,NA,NA,NA,NA,NA,NA,NA,NA,NA,NA,NA,NA,NA,NA,NA,NA,NA,NA,NA,NA,NA,NA,NA,NA,NA,NA,NA,NA,NA,NA,NA,NA,NA,"NA NA","NA NA","NA NA NA NA NA NA NA NA","https://twitter.com/realDonaldTrump/status/1062849316161753093","Donald J. Trump","Washington, DC","45th President of the United States of America<f0><U+009F><U+0087><U+00BA><f0><U+009F><U+0087><U+00B8>","https://t.co/OMxB0xp8tD",FALSE,55809710,46,96343,39721,7,2009-03-18 13:46:38,TRUE,"https://t.co/OMxB0xp8tD","http://www.Instagram.com/realDonaldTrump","en","https://pbs.twimg.com/profile_banners/25073877/1540264974","http://abs.twimg.com/images/themes/theme1/bg.png","http://pbs.twimg.com/profile_images/874276197357596672/kUuht00m_normal.jpg"
"25073877","1062830145768165377",2018-11-14 22:10:27,"realDonaldTrump","I am grateful to be here today w/ Members of the House &amp; Senate who have poured their time, heart and energy into the crucial issue of Prison Reform. Working together w/ my Admin over the last two years, these members have reached a bipartisan agreement...https://t.co/wflidv2cZr","Twitter for iPhone",283,NA,NA,NA,FALSE,FALSE,71390,17948,NA,NA,"pscp.tv/w/bryTnzFvTlFs…","https://t.co/wflidv2cZr","https://www.pscp.tv/w/bryTnzFvTlFsTFJub1dwUXd8MXZBeFJ5b0Fhd2pKbFVAOjFJNoZcIbgb3Rm-2Xpu3Fttu3YqvdW3H87ygQ4a?t=8s",NA,NA,NA,NA,NA,NA,NA,NA,NA,NA,"en",NA,NA,NA,NA,NA,NA,NA,NA,NA,NA,NA,NA,NA,NA,NA,NA,NA,NA,NA,NA,NA,NA,NA,NA,NA,NA,NA,NA,NA,NA,NA,NA,NA,NA,NA,NA,"NA NA","NA NA","NA NA NA NA NA NA NA NA","https://twitter.com/realDonaldTrump/status/1062830145768165377","Donald J. Trump","Washington, DC","45th President of the United States of America<f0><U+009F><U+0087><U+00BA><f0><U+009F><U+0087><U+00B8>","https://t.co/OMxB0xp8tD",FALSE,55809710,46,96343,39721,7,2009-03-18 13:46:38,TRUE,"https://t.co/OMxB0xp8tD","http://www.Instagram.com/realDonaldTrump","en","https://pbs.twimg.com/profile_banners/25073877/1540264974","http://abs.twimg.com/images/themes/theme1/bg.png","http://pbs.twimg.com/profile_images/874276197357596672/kUuht00m_normal.jpg"
"25073877","1062796884648120320",2018-11-14 19:58:17,"realDonaldTrump","Just spoke to Governor Jerry Brown to let him know that we are with him, and the people of California, all the way!","Twitter for iPhone",115,NA,NA,NA,FALSE,FALSE,100069,17065,NA,NA,NA,NA,NA,NA,NA,NA,NA,NA,NA,NA,NA,NA,NA,"en",NA,NA,NA,NA,NA,NA,NA,NA,NA,NA,NA,NA,NA,NA,NA,NA,NA,NA,NA,NA,NA,NA,NA,NA,NA,NA,NA,NA,NA,NA,NA,NA,NA,NA,NA,NA,"NA NA","NA NA","NA NA NA NA NA NA NA NA","https://twitter.com/realDonaldTrump/status/1062796884648120320","Donald J. Trump","Washington, DC","45th President of the United States of America<f0><U+009F><U+0087><U+00BA><f0><U+009F><U+0087><U+00B8>","https://t.co/OMxB0xp8tD",FALSE,55809710,46,96343,39721,7,2009-03-18 13:46:38,TRUE,"https://t.co/OMxB0xp8tD","http://www.Instagram.com/realDonaldTrump","en","https://pbs.twimg.com/profile_banners/25073877/1540264974","http://abs.twimg.com/images/themes/theme1/bg.png","http://pbs.twimg.com/profile_images/874276197357596672/kUuht00m_normal.jpg"
"25073877","1062791114716000258",2018-11-14 19:35:22,"realDonaldTrump","Was just briefed by @FEMA_Brock and @SecretaryZinke, who are in California. Thank you to the great Firefighters, First Responders and @FEMA for the incredible job they are doing w/ the California Wildfires. Our Nation appreciates your heroism, courage &amp; genius. God Bless you all!","Twitter for iPhone",284,NA,NA,NA,FALSE,FALSE,59701,12707,NA,NA,NA,NA,NA,NA,NA,NA,NA,NA,NA,NA,NA,"67378554 827258161841135623 16669075","FEMA_Brock SecretaryZinke fema","en",NA,NA,NA,NA,NA,NA,NA,NA,NA,NA,NA,NA,NA,NA,NA,NA,NA,NA,NA,NA,NA,NA,NA,NA,NA,NA,NA,NA,NA,NA,NA,NA,NA,NA,NA,NA,"NA NA","NA NA","NA NA NA NA NA NA NA NA","https://twitter.com/realDonaldTrump/status/1062791114716000258","Donald J. Trump","Washington, DC","45th President of the United States of America<f0><U+009F><U+0087><U+00BA><f0><U+009F><U+0087><U+00B8>","https://t.co/OMxB0xp8tD",FALSE,55809710,46,96343,39721,7,2009-03-18 13:46:38,TRUE,"https://t.co/OMxB0xp8tD","http://www.Instagram.com/realDonaldTrump","en","https://pbs.twimg.com/profile_banners/25073877/1540264974","http://abs.twimg.com/images/themes/theme1/bg.png","http://pbs.twimg.com/profile_images/874276197357596672/kUuht00m_normal.jpg"
"25073877","1062789364399390720",2018-11-14 19:28:24,"realDonaldTrump","Not seen in many years, America’s steelworkers get a hard-earned raise because of my Administration’s policies to help bring back the U.S. steel industry, which is critical to our National Security. I will always protect America and its workers!","Twitter for iPhone",245,NA,NA,NA,FALSE,FALSE,100280,22626,NA,NA,NA,NA,NA,NA,NA,NA,NA,NA,NA,NA,NA,NA,NA,"en",NA,NA,NA,NA,NA,NA,NA,NA,NA,NA,NA,NA,NA,NA,NA,NA,NA,NA,NA,NA,NA,NA,NA,NA,NA,NA,NA,NA,NA,NA,NA,NA,NA,NA,NA,NA,"NA NA","NA NA","NA NA NA NA NA NA NA NA","https://twitter.com/realDonaldTrump/status/1062789364399390720","Donald J. Trump","Washington, DC","45th President of the United States of America<f0><U+009F><U+0087><U+00BA><f0><U+009F><U+0087><U+00B8>","https://t.co/OMxB0xp8tD",FALSE,55809710,46,96343,39721,7,2009-03-18 13:46:38,TRUE,"https://t.co/OMxB0xp8tD","http://www.Instagram.com/realDonaldTrump","en","https://pbs.twimg.com/profile_banners/25073877/1540264974","http://abs.twimg.com/images/themes/theme1/bg.png","http://pbs.twimg.com/profile_images/874276197357596672/kUuht00m_normal.jpg"
"25073877","1062459010660622339",2018-11-13 21:35:42,"realDonaldTrump","“Boom: Record high business optimism, need for employees at 45-year high” https://t.co/jBFjEwAcfd","Twitter for iPhone",97,NA,NA,NA,FALSE,FALSE,79875,22166,NA,NA,"washingtonexaminer.com/washington-sec…","https://t.co/jBFjEwAcfd","https://www.washingtonexaminer.com/washington-secrets/record-high-business-optimism-need-for-employees-at-45-year-high",NA,NA,NA,NA,NA,NA,NA,NA,NA,NA,"en",NA,NA,NA,NA,NA,NA,NA,NA,NA,NA,NA,NA,NA,NA,NA,NA,NA,NA,NA,NA,NA,NA,NA,NA,NA,NA,NA,NA,NA,NA,NA,NA,NA,NA,NA,NA,"NA NA","NA NA","NA NA NA NA NA NA NA NA","https://twitter.com/realDonaldTrump/status/1062459010660622339","Donald J. Trump","Washington, DC","45th President of the United States of America<f0><U+009F><U+0087><U+00BA><f0><U+009F><U+0087><U+00B8>","https://t.co/OMxB0xp8tD",FALSE,55809710,46,96343,39721,7,2009-03-18 13:46:38,TRUE,"https://t.co/OMxB0xp8tD","http://www.Instagram.com/realDonaldTrump","en","https://pbs.twimg.com/profile_banners/25073877/1540264974","http://abs.twimg.com/images/themes/theme1/bg.png","http://pbs.twimg.com/profile_images/874276197357596672/kUuht00m_normal.jpg"
"25073877","1062455263247155200",2018-11-13 21:20:48,"realDonaldTrump","It was my great honor to host a celebration of Diwali, the Hindu Festival of Lights, in the Roosevelt Room at the @WhiteHouse this afternoon. Very, very special people! https://t.co/kQk7IvpSFo https://t.co/tYlBABg4JF","Twitter for iPhone",192,NA,NA,NA,FALSE,FALSE,76465,17768,NA,NA,"whitehouse.gov/briefings-stat…","https://t.co/kQk7IvpSFo","https://www.whitehouse.gov/briefings-statements/remarks-president-trump-diwali-ceremonial-lighting-diya/","http://pbs.twimg.com/media/Dr6ZbMtV4AAvVsp.jpg","https://t.co/tYlBABg4JF","https://twitter.com/realDonaldTrump/status/1062455263247155200/photo/1","photo","http://pbs.twimg.com/media/Dr6ZbMtV4AAvVsp.jpg","https://t.co/tYlBABg4JF","https://twitter.com/realDonaldTrump/status/1062455263247155200/photo/1",NA,"822215673812119553","WhiteHouse","en",NA,NA,NA,NA,NA,NA,NA,NA,NA,NA,NA,NA,NA,NA,NA,NA,NA,NA,NA,NA,NA,NA,NA,NA,NA,NA,NA,NA,NA,NA,NA,NA,NA,NA,NA,NA,"NA NA","NA NA","NA NA NA NA NA NA NA NA","https://twitter.com/realDonaldTrump/status/1062455263247155200","Donald J. Trump","Washington, DC","45th President of the United States of America<f0><U+009F><U+0087><U+00BA><f0><U+009F><U+0087><U+00B8>","https://t.co/OMxB0xp8tD",FALSE,55809710,46,96343,39721,7,2009-03-18 13:46:38,TRUE,"https://t.co/OMxB0xp8tD","http://www.Instagram.com/realDonaldTrump","en","https://pbs.twimg.com/profile_banners/25073877/1540264974","http://abs.twimg.com/images/themes/theme1/bg.png","http://pbs.twimg.com/profile_images/874276197357596672/kUuht00m_normal.jpg"
"25073877","1062450942707228672",2018-11-13 21:03:38,"realDonaldTrump","Today, we gathered for Diwali, a holiday observed by Buddhists, Sikhs, and Jains throughout the United States &amp; around the world. Hundreds of millions of people have gathered with family &amp; friends to light the Diya and to mark the beginning of a New Year. https://t.co/epHogpTY1A https://t.co/9LUwnhngWJ","Twitter for iPhone",287,NA,NA,NA,FALSE,FALSE,50123,11345,NA,NA,"youtube.com/watch?v=Dh9zz6…","https://t.co/epHogpTY1A","https://www.youtube.com/watch?v=Dh9zz67KYS4","http://pbs.twimg.com/media/Dr6VeB4XQAEGFNU.jpg","https://t.co/9LUwnhngWJ","https://twitter.com/realDonaldTrump/status/1062450942707228672/photo/1","photo","http://pbs.twimg.com/media/Dr6VeB4XQAEGFNU.jpg http://pbs.twimg.com/media/Dr6VeB0XcAE1Ka5.jpg http://pbs.twimg.com/media/Dr6VeB3XgAElPyG.jpg","https://t.co/9LUwnhngWJ https://t.co/9LUwnhngWJ https://t.co/9LUwnhngWJ","https://twitter.com/realDonaldTrump/status/1062450942707228672/photo/1 https://twitter.com/realDonaldTrump/status/1062450942707228672/photo/1 https://twitter.com/realDonaldTrump/status/1062450942707228672/photo/1",NA,NA,NA,"en",NA,NA,NA,NA,NA,NA,NA,NA,NA,NA,NA,NA,NA,NA,NA,NA,NA,NA,NA,NA,NA,NA,NA,NA,NA,NA,NA,NA,NA,NA,NA,NA,NA,NA,NA,NA,"NA NA","NA NA","NA NA NA NA NA NA NA NA","https://twitter.com/realDonaldTrump/status/1062450942707228672","Donald J. Trump","Washington, DC","45th President of the United States of America<f0><U+009F><U+0087><U+00BA><f0><U+009F><U+0087><U+00B8>","https://t.co/OMxB0xp8tD",FALSE,55809710,46,96343,39721,7,2009-03-18 13:46:38,TRUE,"https://t.co/OMxB0xp8tD","http://www.Instagram.com/realDonaldTrump","en","https://pbs.twimg.com/profile_banners/25073877/1540264974","http://abs.twimg.com/images/themes/theme1/bg.png","http://pbs.twimg.com/profile_images/874276197357596672/kUuht00m_normal.jpg"
"25073877","1062429580521168896",2018-11-13 19:38:45,"realDonaldTrump","We mourn for the lives lost and we pray for the victims of the California Wildfires. I want to thank the Firefighters and First Responders for their incredible courage in the face of grave danger.... https://t.co/3YQYZR8OzS","Media Studio",199,NA,NA,NA,FALSE,FALSE,68544,15680,NA,NA,NA,NA,NA,"http://pbs.twimg.com/amplify_video_thumb/1062427454151639040/img/F0v8c1aOVUqyy9we.jpg","https://t.co/3YQYZR8OzS","https://twitter.com/realDonaldTrump/status/1062429580521168896/video/1","photo","http://pbs.twimg.com/amplify_video_thumb/1062427454151639040/img/F0v8c1aOVUqyy9we.jpg","https://t.co/3YQYZR8OzS","https://twitter.com/realDonaldTrump/status/1062429580521168896/video/1",NA,NA,NA,"en",NA,NA,NA,NA,NA,NA,NA,NA,NA,NA,NA,NA,NA,NA,NA,NA,NA,NA,NA,NA,NA,NA,NA,NA,NA,NA,NA,NA,NA,NA,NA,NA,NA,NA,NA,NA,"NA NA","NA NA","NA NA NA NA NA NA NA NA","https://twitter.com/realDonaldTrump/status/1062429580521168896","Donald J. Trump","Washington, DC","45th President of the United States of America<f0><U+009F><U+0087><U+00BA><f0><U+009F><U+0087><U+00B8>","https://t.co/OMxB0xp8tD",FALSE,55809710,46,96343,39721,7,2009-03-18 13:46:38,TRUE,"https://t.co/OMxB0xp8tD","http://www.Instagram.com/realDonaldTrump","en","https://pbs.twimg.com/profile_banners/25073877/1540264974","http://abs.twimg.com/images/themes/theme1/bg.png","http://pbs.twimg.com/profile_images/874276197357596672/kUuht00m_normal.jpg"
"25073877","1062391577807601664",2018-11-13 17:07:45,"realDonaldTrump","The story in the New York Times concerning North Korea developing missile bases is inaccurate. We fully know about the sites being discussed, nothing new - and nothing happening out of the normal. Just more Fake News. I will be the first to let you know if things go bad!","Twitter for iPhone",271,NA,NA,NA,FALSE,FALSE,125013,34004,NA,NA,NA,NA,NA,NA,NA,NA,NA,NA,NA,NA,NA,NA,NA,"en",NA,NA,NA,NA,NA,NA,NA,NA,NA,NA,NA,NA,NA,NA,NA,NA,NA,NA,NA,NA,NA,NA,NA,NA,NA,NA,NA,NA,NA,NA,NA,NA,NA,NA,NA,NA,"NA NA","NA NA","NA NA NA NA NA NA NA NA","https://twitter.com/realDonaldTrump/status/1062391577807601664","Donald J. Trump","Washington, DC","45th President of the United States of America<f0><U+009F><U+0087><U+00BA><f0><U+009F><U+0087><U+00B8>","https://t.co/OMxB0xp8tD",FALSE,55809710,46,96343,39721,7,2009-03-18 13:46:38,TRUE,"https://t.co/OMxB0xp8tD","http://www.Instagram.com/realDonaldTrump","en","https://pbs.twimg.com/profile_banners/25073877/1540264974","http://abs.twimg.com/images/themes/theme1/bg.png","http://pbs.twimg.com/profile_images/874276197357596672/kUuht00m_normal.jpg"
"25073877","1062382618870726656",2018-11-13 16:32:09,"realDonaldTrump","When will Bill Nelson concede in Florida? The characters running Broward and Palm Beach voting will not be able to “find” enough votes, too much spotlight on them now!","Twitter for iPhone",167,NA,NA,NA,FALSE,FALSE,101808,26248,NA,NA,NA,NA,NA,NA,NA,NA,NA,NA,NA,NA,NA,NA,NA,"en",NA,NA,NA,NA,NA,NA,NA,NA,NA,NA,NA,NA,NA,NA,NA,NA,NA,NA,NA,NA,NA,NA,NA,NA,NA,NA,NA,NA,NA,NA,NA,NA,NA,NA,NA,NA,"NA NA","NA NA","NA NA NA NA NA NA NA NA","https://twitter.com/realDonaldTrump/status/1062382618870726656","Donald J. Trump","Washington, DC","45th President of the United States of America<f0><U+009F><U+0087><U+00BA><f0><U+009F><U+0087><U+00B8>","https://t.co/OMxB0xp8tD",FALSE,55809710,46,96343,39721,7,2009-03-18 13:46:38,TRUE,"https://t.co/OMxB0xp8tD","http://www.Instagram.com/realDonaldTrump","en","https://pbs.twimg.com/profile_banners/25073877/1540264974","http://abs.twimg.com/images/themes/theme1/bg.png","http://pbs.twimg.com/profile_images/874276197357596672/kUuht00m_normal.jpg"
"25073877","1062371844836261891",2018-11-13 15:49:20,"realDonaldTrump","By the way, when the helicopter couldn’t fly to the first cemetery in France because of almost zero visibility, I suggested driving. Secret Service said NO, too far from airport &amp; big Paris shutdown. Speech next day at American Cemetery in pouring rain! Little reported-Fake News!","Twitter for iPhone",284,NA,NA,NA,FALSE,FALSE,121246,30839,NA,NA,NA,NA,NA,NA,NA,NA,NA,NA,NA,NA,NA,NA,NA,"en",NA,NA,NA,NA,NA,NA,NA,NA,NA,NA,NA,NA,NA,NA,NA,NA,NA,NA,NA,NA,NA,NA,NA,NA,NA,NA,NA,NA,NA,NA,NA,NA,NA,NA,NA,NA,"NA NA","NA NA","NA NA NA NA NA NA NA NA","https://twitter.com/realDonaldTrump/status/1062371844836261891","Donald J. Trump","Washington, DC","45th President of the United States of America<f0><U+009F><U+0087><U+00BA><f0><U+009F><U+0087><U+00B8>","https://t.co/OMxB0xp8tD",FALSE,55809710,46,96343,39721,7,2009-03-18 13:46:38,TRUE,"https://t.co/OMxB0xp8tD","http://www.Instagram.com/realDonaldTrump","en","https://pbs.twimg.com/profile_banners/25073877/1540264974","http://abs.twimg.com/images/themes/theme1/bg.png","http://pbs.twimg.com/profile_images/874276197357596672/kUuht00m_normal.jpg"
"25073877","1062333882610171907",2018-11-13 13:18:29,"realDonaldTrump","......MAKE FRANCE GREAT AGAIN!","Twitter for iPhone",30,NA,NA,NA,FALSE,FALSE,155841,41922,NA,NA,NA,NA,NA,NA,NA,NA,NA,NA,NA,NA,NA,NA,NA,"en",NA,NA,NA,NA,NA,NA,NA,NA,NA,NA,NA,NA,NA,NA,NA,NA,NA,NA,NA,NA,NA,NA,NA,NA,NA,NA,NA,NA,NA,NA,NA,NA,NA,NA,NA,NA,"NA NA","NA NA","NA NA NA NA NA NA NA NA","https://twitter.com/realDonaldTrump/status/1062333882610171907","Donald J. Trump","Washington, DC","45th President of the United States of America<f0><U+009F><U+0087><U+00BA><f0><U+009F><U+0087><U+00B8>","https://t.co/OMxB0xp8tD",FALSE,55809710,46,96343,39721,7,2009-03-18 13:46:38,TRUE,"https://t.co/OMxB0xp8tD","http://www.Instagram.com/realDonaldTrump","en","https://pbs.twimg.com/profile_banners/25073877/1540264974","http://abs.twimg.com/images/themes/theme1/bg.png","http://pbs.twimg.com/profile_images/874276197357596672/kUuht00m_normal.jpg"
"25073877","1062333534214520832",2018-11-13 13:17:06,"realDonaldTrump","The problem is that Emmanuel suffers from a very low Approval Rating in France, 26%, and an unemployment rate of almost 10%. He was just trying to get onto another subject. By the way, there is no country more Nationalist than France, very proud people-and rightfully so!........","Twitter for iPhone",279,NA,NA,NA,FALSE,FALSE,109176,28938,NA,NA,NA,NA,NA,NA,NA,NA,NA,NA,NA,NA,NA,NA,NA,"en",NA,NA,NA,NA,NA,NA,NA,NA,NA,NA,NA,NA,NA,NA,NA,NA,NA,NA,NA,NA,NA,NA,NA,NA,NA,NA,NA,NA,NA,NA,NA,NA,NA,NA,NA,NA,"NA NA","NA NA","NA NA NA NA NA NA NA NA","https://twitter.com/realDonaldTrump/status/1062333534214520832","Donald J. Trump","Washington, DC","45th President of the United States of America<f0><U+009F><U+0087><U+00BA><f0><U+009F><U+0087><U+00B8>","https://t.co/OMxB0xp8tD",FALSE,55809710,46,96343,39721,7,2009-03-18 13:46:38,TRUE,"https://t.co/OMxB0xp8tD","http://www.Instagram.com/realDonaldTrump","en","https://pbs.twimg.com/profile_banners/25073877/1540264974","http://abs.twimg.com/images/themes/theme1/bg.png","http://pbs.twimg.com/profile_images/874276197357596672/kUuht00m_normal.jpg"
"25073877","1062331024426913792",2018-11-13 13:07:08,"realDonaldTrump","On Trade, France makes excellent wine, but so does the U.S. The problem is that France makes it very hard for the U.S. to sell its wines into France, and charges big Tariffs, whereas the U.S. makes it easy for French wines, and charges very small Tariffs. Not fair, must change!","Twitter for iPhone",278,NA,NA,NA,FALSE,FALSE,120105,28936,NA,NA,NA,NA,NA,NA,NA,NA,NA,NA,NA,NA,NA,NA,NA,"en",NA,NA,NA,NA,NA,NA,NA,NA,NA,NA,NA,NA,NA,NA,NA,NA,NA,NA,NA,NA,NA,NA,NA,NA,NA,NA,NA,NA,NA,NA,NA,NA,NA,NA,NA,NA,"NA NA","NA NA","NA NA NA NA NA NA NA NA","https://twitter.com/realDonaldTrump/status/1062331024426913792","Donald J. Trump","Washington, DC","45th President of the United States of America<f0><U+009F><U+0087><U+00BA><f0><U+009F><U+0087><U+00B8>","https://t.co/OMxB0xp8tD",FALSE,55809710,46,96343,39721,7,2009-03-18 13:46:38,TRUE,"https://t.co/OMxB0xp8tD","http://www.Instagram.com/realDonaldTrump","en","https://pbs.twimg.com/profile_banners/25073877/1540264974","http://abs.twimg.com/images/themes/theme1/bg.png","http://pbs.twimg.com/profile_images/874276197357596672/kUuht00m_normal.jpg"
"25073877","1062311785787744256",2018-11-13 11:50:41,"realDonaldTrump","Emmanuel Macron suggests building its own army to protect Europe against the U.S., China and Russia. But it was Germany in World Wars One &amp; Two - How did that work out for France? They were starting to learn German in Paris before the U.S. came along. Pay for NATO or not!","Twitter for iPhone",276,NA,NA,NA,FALSE,FALSE,124897,36795,NA,NA,NA,NA,NA,NA,NA,NA,NA,NA,NA,NA,NA,NA,NA,"en",NA,NA,NA,NA,NA,NA,NA,NA,NA,NA,NA,NA,NA,NA,NA,NA,NA,NA,NA,NA,NA,NA,NA,NA,NA,NA,NA,NA,NA,NA,NA,NA,NA,NA,NA,NA,"NA NA","NA NA","NA NA NA NA NA NA NA NA","https://twitter.com/realDonaldTrump/status/1062311785787744256","Donald J. Trump","Washington, DC","45th President of the United States of America<f0><U+009F><U+0087><U+00BA><f0><U+009F><U+0087><U+00B8>","https://t.co/OMxB0xp8tD",FALSE,55809710,46,96343,39721,7,2009-03-18 13:46:38,TRUE,"https://t.co/OMxB0xp8tD","http://www.Instagram.com/realDonaldTrump","en","https://pbs.twimg.com/profile_banners/25073877/1540264974","http://abs.twimg.com/images/themes/theme1/bg.png","http://pbs.twimg.com/profile_images/874276197357596672/kUuht00m_normal.jpg"
"25073877","1062153051459469312",2018-11-13 01:19:55,"realDonaldTrump","I just approved an expedited request for a Major Disaster Declaration for the State of California. Wanted to respond quickly in order to alleviate some of the incredible suffering going on. I am with you all the way. God Bless all of the victims and families affected.","Twitter for iPhone",268,NA,NA,NA,FALSE,FALSE,137073,27967,NA,NA,NA,NA,NA,NA,NA,NA,NA,NA,NA,NA,NA,NA,NA,"en",NA,NA,NA,NA,NA,NA,NA,NA,NA,NA,NA,NA,NA,NA,NA,NA,NA,NA,NA,NA,NA,NA,NA,NA,NA,NA,NA,NA,NA,NA,NA,NA,NA,NA,NA,NA,"NA NA","NA NA","NA NA NA NA NA NA NA NA","https://twitter.com/realDonaldTrump/status/1062153051459469312","Donald J. Trump","Washington, DC","45th President of the United States of America<f0><U+009F><U+0087><U+00BA><f0><U+009F><U+0087><U+00B8>","https://t.co/OMxB0xp8tD",FALSE,55809710,46,96343,39721,7,2009-03-18 13:46:38,TRUE,"https://t.co/OMxB0xp8tD","http://www.Instagram.com/realDonaldTrump","en","https://pbs.twimg.com/profile_banners/25073877/1540264974","http://abs.twimg.com/images/themes/theme1/bg.png","http://pbs.twimg.com/profile_images/874276197357596672/kUuht00m_normal.jpg"
"25073877","1062047641889095684",2018-11-12 18:21:04,"realDonaldTrump","Hopefully, Saudi Arabia and OPEC will not be cutting oil production. Oil prices should be much lower based on supply!","Twitter for iPhone",117,NA,NA,NA,FALSE,FALSE,75723,18004,NA,NA,NA,NA,NA,NA,NA,NA,NA,NA,NA,NA,NA,NA,NA,"en",NA,NA,NA,NA,NA,NA,NA,NA,NA,NA,NA,NA,NA,NA,NA,NA,NA,NA,NA,NA,NA,NA,NA,NA,NA,NA,NA,NA,NA,NA,NA,NA,NA,NA,NA,NA,"NA NA","NA NA","NA NA NA NA NA NA NA NA","https://twitter.com/realDonaldTrump/status/1062047641889095684","Donald J. Trump","Washington, DC","45th President of the United States of America<f0><U+009F><U+0087><U+00BA><f0><U+009F><U+0087><U+00B8>","https://t.co/OMxB0xp8tD",FALSE,55809710,46,96343,39721,7,2009-03-18 13:46:38,TRUE,"https://t.co/OMxB0xp8tD","http://www.Instagram.com/realDonaldTrump","en","https://pbs.twimg.com/profile_banners/25073877/1540264974","http://abs.twimg.com/images/themes/theme1/bg.png","http://pbs.twimg.com/profile_images/874276197357596672/kUuht00m_normal.jpg"
"25073877","1062045654711713792",2018-11-12 18:13:10,"realDonaldTrump","American Cable Association has big problems with Comcast. They say that Comcast routinely violates Antitrust Laws. “These guys are acting much worse, and have much more potential for damage to consumers, than anything AT&amp;T-Time Warner would do.” Charlie Gasparino","Twitter for iPhone",267,NA,NA,NA,FALSE,FALSE,68257,17885,NA,NA,NA,NA,NA,NA,NA,NA,NA,NA,NA,NA,NA,NA,NA,"en",NA,NA,NA,NA,NA,NA,NA,NA,NA,NA,NA,NA,NA,NA,NA,NA,NA,NA,NA,NA,NA,NA,NA,NA,NA,NA,NA,NA,NA,NA,NA,NA,NA,NA,NA,NA,"NA NA","NA NA","NA NA NA NA NA NA NA NA","https://twitter.com/realDonaldTrump/status/1062045654711713792","Donald J. Trump","Washington, DC","45th President of the United States of America<f0><U+009F><U+0087><U+00BA><f0><U+009F><U+0087><U+00B8>","https://t.co/OMxB0xp8tD",FALSE,55809710,46,96343,39721,7,2009-03-18 13:46:38,TRUE,"https://t.co/OMxB0xp8tD","http://www.Instagram.com/realDonaldTrump","en","https://pbs.twimg.com/profile_banners/25073877/1540264974","http://abs.twimg.com/images/themes/theme1/bg.png","http://pbs.twimg.com/profile_images/874276197357596672/kUuht00m_normal.jpg"
"25073877","1062020057616793600",2018-11-12 16:31:27,"realDonaldTrump","The California Fire Fighters, FEMA and  First Responders are amazing and very brave. Thank you and God Bless you all!","Twitter for iPhone",117,NA,NA,NA,FALSE,FALSE,124024,22432,NA,NA,NA,NA,NA,NA,NA,NA,NA,NA,NA,NA,NA,NA,NA,"en",NA,NA,NA,NA,NA,NA,NA,NA,NA,NA,NA,NA,NA,NA,NA,NA,NA,NA,NA,NA,NA,NA,NA,NA,NA,NA,NA,NA,NA,NA,NA,NA,NA,NA,NA,NA,"NA NA","NA NA","NA NA NA NA NA NA NA NA","https://twitter.com/realDonaldTrump/status/1062020057616793600","Donald J. Trump","Washington, DC","45th President of the United States of America<f0><U+009F><U+0087><U+00BA><f0><U+009F><U+0087><U+00B8>","https://t.co/OMxB0xp8tD",FALSE,55809710,46,96343,39721,7,2009-03-18 13:46:38,TRUE,"https://t.co/OMxB0xp8tD","http://www.Instagram.com/realDonaldTrump","en","https://pbs.twimg.com/profile_banners/25073877/1540264974","http://abs.twimg.com/images/themes/theme1/bg.png","http://pbs.twimg.com/profile_images/874276197357596672/kUuht00m_normal.jpg"
"25073877","1062005636488142848",2018-11-12 15:34:09,"realDonaldTrump","The prospect of Presidential Harassment by the Dems is causing the Stock Market big headaches!","Twitter for iPhone",94,NA,NA,NA,FALSE,FALSE,83004,20439,NA,NA,NA,NA,NA,NA,NA,NA,NA,NA,NA,NA,NA,NA,NA,"en",NA,NA,NA,NA,NA,NA,NA,NA,NA,NA,NA,NA,NA,NA,NA,NA,NA,NA,NA,NA,NA,NA,NA,NA,NA,NA,NA,NA,NA,NA,NA,NA,NA,NA,NA,NA,"NA NA","NA NA","NA NA NA NA NA NA NA NA","https://twitter.com/realDonaldTrump/status/1062005636488142848","Donald J. Trump","Washington, DC","45th President of the United States of America<f0><U+009F><U+0087><U+00BA><f0><U+009F><U+0087><U+00B8>","https://t.co/OMxB0xp8tD",FALSE,55809710,46,96343,39721,7,2009-03-18 13:46:38,TRUE,"https://t.co/OMxB0xp8tD","http://www.Instagram.com/realDonaldTrump","en","https://pbs.twimg.com/profile_banners/25073877/1540264974","http://abs.twimg.com/images/themes/theme1/bg.png","http://pbs.twimg.com/profile_images/874276197357596672/kUuht00m_normal.jpg"
"25073877","1061962869376540672",2018-11-12 12:44:13,"realDonaldTrump","The Florida Election should be called in favor of Rick Scott and Ron DeSantis in that large numbers of new ballots showed up out of nowhere, and many ballots are missing or forged. An honest vote count is no longer possible-ballots massively infected. Must go with Election Night!","Twitter for iPhone",280,NA,NA,NA,FALSE,FALSE,120803,34474,NA,NA,NA,NA,NA,NA,NA,NA,NA,NA,NA,NA,NA,NA,NA,"en",NA,NA,NA,NA,NA,NA,NA,NA,NA,NA,NA,NA,NA,NA,NA,NA,NA,NA,NA,NA,NA,NA,NA,NA,NA,NA,NA,NA,NA,NA,NA,NA,NA,NA,NA,NA,"NA NA","NA NA","NA NA NA NA NA NA NA NA","https://twitter.com/realDonaldTrump/status/1061962869376540672","Donald J. Trump","Washington, DC","45th President of the United States of America<f0><U+009F><U+0087><U+00BA><f0><U+009F><U+0087><U+00B8>","https://t.co/OMxB0xp8tD",FALSE,55809710,46,96343,39721,7,2009-03-18 13:46:38,TRUE,"https://t.co/OMxB0xp8tD","http://www.Instagram.com/realDonaldTrump","en","https://pbs.twimg.com/profile_banners/25073877/1540264974","http://abs.twimg.com/images/themes/theme1/bg.png","http://pbs.twimg.com/profile_images/874276197357596672/kUuht00m_normal.jpg"
"25073877","1061957074253418496",2018-11-12 12:21:11,"realDonaldTrump",".....of money spent on protecting other countries, and we get nothing but Trade Deficits and Losses. It is time that these very rich countries either pay the United States for its great military protection, or protect themselves...and Trade must be made FREE and FAIR!","Twitter for iPhone",268,NA,NA,NA,FALSE,FALSE,94295,22148,NA,NA,NA,NA,NA,NA,NA,NA,NA,NA,NA,NA,NA,NA,NA,"en",NA,NA,NA,NA,NA,NA,NA,NA,NA,NA,NA,NA,NA,NA,NA,NA,NA,NA,NA,NA,NA,NA,NA,NA,NA,NA,NA,NA,NA,NA,NA,NA,NA,NA,NA,NA,"NA NA","NA NA","NA NA NA NA NA NA NA NA","https://twitter.com/realDonaldTrump/status/1061957074253418496","Donald J. Trump","Washington, DC","45th President of the United States of America<f0><U+009F><U+0087><U+00BA><f0><U+009F><U+0087><U+00B8>","https://t.co/OMxB0xp8tD",FALSE,55809710,46,96343,39721,7,2009-03-18 13:46:38,TRUE,"https://t.co/OMxB0xp8tD","http://www.Instagram.com/realDonaldTrump","en","https://pbs.twimg.com/profile_banners/25073877/1540264974","http://abs.twimg.com/images/themes/theme1/bg.png","http://pbs.twimg.com/profile_images/874276197357596672/kUuht00m_normal.jpg"
"25073877","1061954325843468288",2018-11-12 12:10:16,"realDonaldTrump",".....hundreds of billions of dollars, for the great privilege of losing hundreds of billions of dollars with these same countries on trade. I told them that this situation cannot continue - It is, and always has been, ridiculously unfair to the United States. Massive amounts.....","Twitter for iPhone",280,NA,NA,NA,FALSE,FALSE,79871,18341,NA,NA,NA,NA,NA,NA,NA,NA,NA,NA,NA,NA,NA,NA,NA,"en",NA,NA,NA,NA,NA,NA,NA,NA,NA,NA,NA,NA,NA,NA,NA,NA,NA,NA,NA,NA,NA,NA,NA,NA,NA,NA,NA,NA,NA,NA,NA,NA,NA,NA,NA,NA,"NA NA","NA NA","NA NA NA NA NA NA NA NA","https://twitter.com/realDonaldTrump/status/1061954325843468288","Donald J. Trump","Washington, DC","45th President of the United States of America<f0><U+009F><U+0087><U+00BA><f0><U+009F><U+0087><U+00B8>","https://t.co/OMxB0xp8tD",FALSE,55809710,46,96343,39721,7,2009-03-18 13:46:38,TRUE,"https://t.co/OMxB0xp8tD","http://www.Instagram.com/realDonaldTrump","en","https://pbs.twimg.com/profile_banners/25073877/1540264974","http://abs.twimg.com/images/themes/theme1/bg.png","http://pbs.twimg.com/profile_images/874276197357596672/kUuht00m_normal.jpg"
"25073877","1061952604807274498",2018-11-12 12:03:25,"realDonaldTrump","Just returned from France where much was accomplished in my meetings with World Leaders. Never easy bringing up the fact that the U.S. must be treated fairly, which it hasn’t, on both Military and Trade. We pay for LARGE portions of other countries military protection,........","Twitter for iPhone",277,NA,NA,NA,FALSE,FALSE,107607,24546,NA,NA,NA,NA,NA,NA,NA,NA,NA,NA,NA,NA,NA,NA,NA,"en",NA,NA,NA,NA,NA,NA,NA,NA,NA,NA,NA,NA,NA,NA,NA,NA,NA,NA,NA,NA,NA,NA,NA,NA,NA,NA,NA,NA,NA,NA,NA,NA,NA,NA,NA,NA,"NA NA","NA NA","NA NA NA NA NA NA NA NA","https://twitter.com/realDonaldTrump/status/1061952604807274498","Donald J. Trump","Washington, DC","45th President of the United States of America<f0><U+009F><U+0087><U+00BA><f0><U+009F><U+0087><U+00B8>","https://t.co/OMxB0xp8tD",FALSE,55809710,46,96343,39721,7,2009-03-18 13:46:38,TRUE,"https://t.co/OMxB0xp8tD","http://www.Instagram.com/realDonaldTrump","en","https://pbs.twimg.com/profile_banners/25073877/1540264974","http://abs.twimg.com/images/themes/theme1/bg.png","http://pbs.twimg.com/profile_images/874276197357596672/kUuht00m_normal.jpg"
"25073877","1061840511026298880",2018-11-12 04:38:00,"realDonaldTrump","Exactly 100 years ago today, on November 11th, 1918, World War I came to an end. We are gathered together, at this hallowed resting place, to pay tribute to the brave Americans who gave their last breath in that mighty struggle.... https://t.co/JPUkOr4rW1","Twitter for iPhone",231,NA,NA,NA,FALSE,FALSE,93197,21064,NA,NA,NA,NA,NA,"http://pbs.twimg.com/ext_tw_video_thumb/1061840408148201472/pu/img/AkZFO9WRo9XgCWew.jpg","https://t.co/JPUkOr4rW1","https://twitter.com/realDonaldTrump/status/1061840511026298880/video/1","photo","http://pbs.twimg.com/ext_tw_video_thumb/1061840408148201472/pu/img/AkZFO9WRo9XgCWew.jpg","https://t.co/JPUkOr4rW1","https://twitter.com/realDonaldTrump/status/1061840511026298880/video/1",NA,NA,NA,"en",NA,NA,NA,NA,NA,NA,NA,NA,NA,NA,NA,NA,NA,NA,NA,NA,NA,NA,NA,NA,NA,NA,NA,NA,NA,NA,NA,NA,NA,NA,NA,NA,NA,NA,NA,NA,"NA NA","NA NA","NA NA NA NA NA NA NA NA","https://twitter.com/realDonaldTrump/status/1061840511026298880","Donald J. Trump","Washington, DC","45th President of the United States of America<f0><U+009F><U+0087><U+00BA><f0><U+009F><U+0087><U+00B8>","https://t.co/OMxB0xp8tD",FALSE,55809710,46,96343,39721,7,2009-03-18 13:46:38,TRUE,"https://t.co/OMxB0xp8tD","http://www.Instagram.com/realDonaldTrump","en","https://pbs.twimg.com/profile_banners/25073877/1540264974","http://abs.twimg.com/images/themes/theme1/bg.png","http://pbs.twimg.com/profile_images/874276197357596672/kUuht00m_normal.jpg"
"25073877","1061650654194745344",2018-11-11 16:03:35,"realDonaldTrump","Poland, a great country - Congratulations on the 100th Anniversary of your Independence. I will never forget my time there! https://t.co/gEme6McF1x","Twitter for iPhone",123,NA,NA,NA,FALSE,FALSE,109287,24259,NA,NA,NA,NA,NA,"http://pbs.twimg.com/media/Dru9oRRWoAIVgVH.jpg","https://t.co/gEme6McF1x","https://twitter.com/realDonaldTrump/status/1061650654194745344/photo/1","photo","http://pbs.twimg.com/media/Dru9oRRWoAIVgVH.jpg","https://t.co/gEme6McF1x","https://twitter.com/realDonaldTrump/status/1061650654194745344/photo/1",NA,NA,NA,"en",NA,NA,NA,NA,NA,NA,NA,NA,NA,NA,NA,NA,NA,NA,NA,NA,NA,NA,NA,NA,NA,NA,NA,NA,NA,NA,NA,NA,NA,NA,NA,NA,NA,NA,NA,NA,"NA NA","NA NA","NA NA NA NA NA NA NA NA","https://twitter.com/realDonaldTrump/status/1061650654194745344","Donald J. Trump","Washington, DC","45th President of the United States of America<f0><U+009F><U+0087><U+00BA><f0><U+009F><U+0087><U+00B8>","https://t.co/OMxB0xp8tD",FALSE,55809710,46,96343,39721,7,2009-03-18 13:46:38,TRUE,"https://t.co/OMxB0xp8tD","http://www.Instagram.com/realDonaldTrump","en","https://pbs.twimg.com/profile_banners/25073877/1540264974","http://abs.twimg.com/images/themes/theme1/bg.png","http://pbs.twimg.com/profile_images/874276197357596672/kUuht00m_normal.jpg"
"25073877","1061632874808520709",2018-11-11 14:52:56,"realDonaldTrump","Beautiful ceremony today in Paris commemorating the end of World War One. Many World leaders in attendance. Thank you to @EmmanuelMacron, President of France! Now off to Suresnes American Cemetery to make speech in honor of our great heroes! Then back to the U.S.A.","Twitter for iPhone",265,NA,NA,NA,FALSE,FALSE,95641,18866,NA,NA,NA,NA,NA,NA,NA,NA,NA,NA,NA,NA,NA,"1976143068","EmmanuelMacron","en",NA,NA,NA,NA,NA,NA,NA,NA,NA,NA,NA,NA,NA,NA,NA,NA,NA,NA,NA,NA,NA,NA,NA,NA,NA,NA,NA,NA,NA,NA,NA,NA,NA,NA,NA,NA,"NA NA","NA NA","NA NA NA NA NA NA NA NA","https://twitter.com/realDonaldTrump/status/1061632874808520709","Donald J. Trump","Washington, DC","45th President of the United States of America<f0><U+009F><U+0087><U+00BA><f0><U+009F><U+0087><U+00B8>","https://t.co/OMxB0xp8tD",FALSE,55809710,46,96343,39721,7,2009-03-18 13:46:38,TRUE,"https://t.co/OMxB0xp8tD","http://www.Instagram.com/realDonaldTrump","en","https://pbs.twimg.com/profile_banners/25073877/1540264974","http://abs.twimg.com/images/themes/theme1/bg.png","http://pbs.twimg.com/profile_images/874276197357596672/kUuht00m_normal.jpg"
"25073877","1061623758161625089",2018-11-11 14:16:42,"realDonaldTrump","On this Veterans Day — the 100th Anniversary of the end of WWI, we honor the brave HEROES who fought for America in the Great War, and every Veteran who has worn the uniform and kept our Nation Safe, Strong and FREE! https://t.co/zBvvYRR7XE https://t.co/YO06ztfvNm","Twitter for iPhone",240,NA,NA,NA,FALSE,FALSE,77593,20438,NA,NA,"45.wh.gov/SNbkPe","https://t.co/zBvvYRR7XE","http://45.wh.gov/SNbkPe","http://pbs.twimg.com/media/DrulKdaX0AEXBqF.jpg","https://t.co/YO06ztfvNm","https://twitter.com/realDonaldTrump/status/1061623758161625089/photo/1","photo","http://pbs.twimg.com/media/DrulKdaX0AEXBqF.jpg","https://t.co/YO06ztfvNm","https://twitter.com/realDonaldTrump/status/1061623758161625089/photo/1",NA,NA,NA,"en",NA,NA,NA,NA,NA,NA,NA,NA,NA,NA,NA,NA,NA,NA,NA,NA,NA,NA,NA,NA,NA,NA,NA,NA,NA,NA,NA,NA,NA,NA,NA,NA,NA,NA,NA,NA,"NA NA","NA NA","NA NA NA NA NA NA NA NA","https://twitter.com/realDonaldTrump/status/1061623758161625089","Donald J. Trump","Washington, DC","45th President of the United States of America<f0><U+009F><U+0087><U+00BA><f0><U+009F><U+0087><U+00B8>","https://t.co/OMxB0xp8tD",FALSE,55809710,46,96343,39721,7,2009-03-18 13:46:38,TRUE,"https://t.co/OMxB0xp8tD","http://www.Instagram.com/realDonaldTrump","en","https://pbs.twimg.com/profile_banners/25073877/1540264974","http://abs.twimg.com/images/themes/theme1/bg.png","http://pbs.twimg.com/profile_images/874276197357596672/kUuht00m_normal.jpg"
"25073877","1061554334276747264",2018-11-11 09:40:50,"realDonaldTrump","With proper Forest Management, we can stop the devastation constantly going on in California. Get Smart!","Twitter for iPhone",104,NA,NA,NA,FALSE,FALSE,108551,22516,NA,NA,NA,NA,NA,NA,NA,NA,NA,NA,NA,NA,NA,NA,NA,"en",NA,NA,NA,NA,NA,NA,NA,NA,NA,NA,NA,NA,NA,NA,NA,NA,NA,NA,NA,NA,NA,NA,NA,NA,NA,NA,NA,NA,NA,NA,NA,NA,NA,NA,NA,NA,"NA NA","NA NA","NA NA NA NA NA NA NA NA","https://twitter.com/realDonaldTrump/status/1061554334276747264","Donald J. Trump","Washington, DC","45th President of the United States of America<f0><U+009F><U+0087><U+00BA><f0><U+009F><U+0087><U+00B8>","https://t.co/OMxB0xp8tD",FALSE,55809710,46,96343,39721,7,2009-03-18 13:46:38,TRUE,"https://t.co/OMxB0xp8tD","http://www.Instagram.com/realDonaldTrump","en","https://pbs.twimg.com/profile_banners/25073877/1540264974","http://abs.twimg.com/images/themes/theme1/bg.png","http://pbs.twimg.com/profile_images/874276197357596672/kUuht00m_normal.jpg"
"25073877","1061383163811893248",2018-11-10 22:20:40,"realDonaldTrump","These California fires are expanding very, very quickly (in some cases 80-100 acres a minute). If people don’t evacuate quickly, they risk being overtaken by the fire. Please listen to evacuation orders from State and local officials!","Twitter for iPhone",234,NA,NA,NA,FALSE,FALSE,88214,20869,NA,NA,NA,NA,NA,NA,NA,NA,NA,NA,NA,NA,NA,NA,NA,"en",NA,NA,NA,NA,NA,NA,NA,NA,NA,NA,NA,NA,NA,NA,NA,NA,NA,NA,NA,NA,NA,NA,NA,NA,NA,NA,NA,NA,NA,NA,NA,NA,NA,NA,NA,NA,"NA NA","NA NA","NA NA NA NA NA NA NA NA","https://twitter.com/realDonaldTrump/status/1061383163811893248","Donald J. Trump","Washington, DC","45th President of the United States of America<f0><U+009F><U+0087><U+00BA><f0><U+009F><U+0087><U+00B8>","https://t.co/OMxB0xp8tD",FALSE,55809710,46,96343,39721,7,2009-03-18 13:46:38,TRUE,"https://t.co/OMxB0xp8tD","http://www.Instagram.com/realDonaldTrump","en","https://pbs.twimg.com/profile_banners/25073877/1540264974","http://abs.twimg.com/images/themes/theme1/bg.png","http://pbs.twimg.com/profile_images/874276197357596672/kUuht00m_normal.jpg"
"25073877","1061382890100002817",2018-11-10 22:19:35,"realDonaldTrump","More than 4,000 are fighting the Camp and Woolsey Fires in California that have burned over 170,000 acres. Our hearts are with those fighting the fires, the 52,000 who have evacuated, and the families of the 11 who have died. The destruction is catastrophic. God Bless them all.","Twitter for iPhone",278,NA,NA,NA,FALSE,FALSE,119699,24819,NA,NA,NA,NA,NA,NA,NA,NA,NA,NA,NA,NA,NA,NA,NA,"en",NA,NA,NA,NA,NA,NA,NA,NA,NA,NA,NA,NA,NA,NA,NA,NA,NA,NA,NA,NA,NA,NA,NA,NA,NA,NA,NA,NA,NA,NA,NA,NA,NA,NA,NA,NA,"NA NA","NA NA","NA NA NA NA NA NA NA NA","https://twitter.com/realDonaldTrump/status/1061382890100002817","Donald J. Trump","Washington, DC","45th President of the United States of America<f0><U+009F><U+0087><U+00BA><f0><U+009F><U+0087><U+00B8>","https://t.co/OMxB0xp8tD",FALSE,55809710,46,96343,39721,7,2009-03-18 13:46:38,TRUE,"https://t.co/OMxB0xp8tD","http://www.Instagram.com/realDonaldTrump","en","https://pbs.twimg.com/profile_banners/25073877/1540264974","http://abs.twimg.com/images/themes/theme1/bg.png","http://pbs.twimg.com/profile_images/874276197357596672/kUuht00m_normal.jpg"
"25073877","1061335051294728194",2018-11-10 19:09:29,"realDonaldTrump","Trying to STEAL two big elections in Florida! We are watching closely!","Twitter for iPhone",70,NA,NA,NA,FALSE,FALSE,120705,31522,NA,NA,NA,NA,NA,NA,NA,NA,NA,NA,NA,NA,NA,NA,NA,"en",NA,NA,NA,NA,NA,NA,NA,NA,NA,NA,NA,NA,NA,NA,NA,NA,NA,NA,NA,NA,NA,NA,NA,NA,NA,NA,NA,NA,NA,NA,NA,NA,NA,NA,NA,NA,"NA NA","NA NA","NA NA NA NA NA NA NA NA","https://twitter.com/realDonaldTrump/status/1061335051294728194","Donald J. Trump","Washington, DC","45th President of the United States of America<f0><U+009F><U+0087><U+00BA><f0><U+009F><U+0087><U+00B8>","https://t.co/OMxB0xp8tD",FALSE,55809710,46,96343,39721,7,2009-03-18 13:46:38,TRUE,"https://t.co/OMxB0xp8tD","http://www.Instagram.com/realDonaldTrump","en","https://pbs.twimg.com/profile_banners/25073877/1540264974","http://abs.twimg.com/images/themes/theme1/bg.png","http://pbs.twimg.com/profile_images/874276197357596672/kUuht00m_normal.jpg"
"25073877","1061334384337399808",2018-11-10 19:06:50,"realDonaldTrump","Had very productive meetings and calls for our Country today. Meeting tonight with World Leaders!","Twitter for iPhone",97,NA,NA,NA,FALSE,FALSE,88116,16189,NA,NA,NA,NA,NA,NA,NA,NA,NA,NA,NA,NA,NA,NA,NA,"en",NA,NA,NA,NA,NA,NA,NA,NA,NA,NA,NA,NA,NA,NA,NA,NA,NA,NA,NA,NA,NA,NA,NA,NA,NA,NA,NA,NA,NA,NA,NA,NA,NA,NA,NA,NA,"NA NA","NA NA","NA NA NA NA NA NA NA NA","https://twitter.com/realDonaldTrump/status/1061334384337399808","Donald J. Trump","Washington, DC","45th President of the United States of America<f0><U+009F><U+0087><U+00BA><f0><U+009F><U+0087><U+00B8>","https://t.co/OMxB0xp8tD",FALSE,55809710,46,96343,39721,7,2009-03-18 13:46:38,TRUE,"https://t.co/OMxB0xp8tD","http://www.Instagram.com/realDonaldTrump","en","https://pbs.twimg.com/profile_banners/25073877/1540264974","http://abs.twimg.com/images/themes/theme1/bg.png","http://pbs.twimg.com/profile_images/874276197357596672/kUuht00m_normal.jpg"
"25073877","1061259607086112769",2018-11-10 14:09:42,"realDonaldTrump","Happy 243rd Birthday to our GREAT U.S. Marine Corps<f0><U+009F><U+0087><U+00BA><f0><U+009F><U+0087><U+00B8> https://t.co/1cPtoMfmxP","Twitter for iPhone",53,NA,NA,NA,FALSE,FALSE,102831,23688,NA,NA,NA,NA,NA,"http://pbs.twimg.com/media/DrpZ-xbXgAAqHij.jpg","https://t.co/1cPtoMfmxP","https://twitter.com/realDonaldTrump/status/1061259607086112769/photo/1","photo","http://pbs.twimg.com/media/DrpZ-xbXgAAqHij.jpg","https://t.co/1cPtoMfmxP","https://twitter.com/realDonaldTrump/status/1061259607086112769/photo/1",NA,NA,NA,"en",NA,NA,NA,NA,NA,NA,NA,NA,NA,NA,NA,NA,NA,NA,NA,NA,NA,NA,NA,NA,NA,NA,NA,NA,NA,NA,NA,NA,NA,NA,NA,NA,NA,NA,NA,NA,"NA NA","NA NA","NA NA NA NA NA NA NA NA","https://twitter.com/realDonaldTrump/status/1061259607086112769","Donald J. Trump","Washington, DC","45th President of the United States of America<f0><U+009F><U+0087><U+00BA><f0><U+009F><U+0087><U+00B8>","https://t.co/OMxB0xp8tD",FALSE,55809710,46,96343,39721,7,2009-03-18 13:46:38,TRUE,"https://t.co/OMxB0xp8tD","http://www.Instagram.com/realDonaldTrump","en","https://pbs.twimg.com/profile_banners/25073877/1540264974","http://abs.twimg.com/images/themes/theme1/bg.png","http://pbs.twimg.com/profile_images/874276197357596672/kUuht00m_normal.jpg"
"25073877","1061168803218948096",2018-11-10 08:08:52,"realDonaldTrump","There is no reason for these massive, deadly and costly forest fires in California except that forest management is so poor. Billions of dollars are given each year, with so many lives lost, all because of gross mismanagement of the forests. Remedy now, or no more Fed payments!","Twitter for iPhone",278,NA,NA,NA,FALSE,FALSE,126559,29041,NA,NA,NA,NA,NA,NA,NA,NA,NA,NA,NA,NA,NA,NA,NA,"en",NA,NA,NA,NA,NA,NA,NA,NA,NA,NA,NA,NA,NA,NA,NA,NA,NA,NA,NA,NA,NA,NA,NA,NA,NA,NA,NA,NA,NA,NA,NA,NA,NA,NA,NA,NA,"NA NA","NA NA","NA NA NA NA NA NA NA NA","https://twitter.com/realDonaldTrump/status/1061168803218948096","Donald J. Trump","Washington, DC","45th President of the United States of America<f0><U+009F><U+0087><U+00BA><f0><U+009F><U+0087><U+00B8>","https://t.co/OMxB0xp8tD",FALSE,55809710,46,96343,39721,7,2009-03-18 13:46:38,TRUE,"https://t.co/OMxB0xp8tD","http://www.Instagram.com/realDonaldTrump","en","https://pbs.twimg.com/profile_banners/25073877/1540264974","http://abs.twimg.com/images/themes/theme1/bg.png","http://pbs.twimg.com/profile_images/874276197357596672/kUuht00m_normal.jpg"
"25073877","1061104224090628097",2018-11-10 03:52:16,"realDonaldTrump","Matthew G. Whitaker is a highly respected former U.S. Attorney from Iowa. He was chosen by Jeff Sessions to be his Chief of Staff. I did not know Mr. Whitaker. Likewise, as Chief, I did not know Mr. Whitaker except primarily as he traveled with A.G. Sessions. No social contact...","Twitter for iPhone",280,NA,NA,NA,FALSE,FALSE,76427,18361,NA,NA,NA,NA,NA,NA,NA,NA,NA,NA,NA,NA,NA,NA,NA,"en",NA,NA,NA,NA,NA,NA,NA,NA,NA,NA,NA,NA,NA,NA,NA,NA,NA,NA,NA,NA,NA,NA,NA,NA,NA,NA,NA,NA,NA,NA,NA,NA,NA,NA,NA,NA,"NA NA","NA NA","NA NA NA NA NA NA NA NA","https://twitter.com/realDonaldTrump/status/1061104224090628097","Donald J. Trump","Washington, DC","45th President of the United States of America<f0><U+009F><U+0087><U+00BA><f0><U+009F><U+0087><U+00B8>","https://t.co/OMxB0xp8tD",FALSE,55809710,46,96343,39721,7,2009-03-18 13:46:38,TRUE,"https://t.co/OMxB0xp8tD","http://www.Instagram.com/realDonaldTrump","en","https://pbs.twimg.com/profile_banners/25073877/1540264974","http://abs.twimg.com/images/themes/theme1/bg.png","http://pbs.twimg.com/profile_images/874276197357596672/kUuht00m_normal.jpg"
